# Must sugar measured by the BIVB's maturity-monitoring network (reference and ODG plots),
# published at maturite.bivb.com: one row per area, grape and sampling date, the mean over the
# plots sampled that day. build.py anchors each season's modelled sugar curve on these.
# sugar: g/L. plots: how many plots the mean covers.
area,grape,year,date,sugar,plots
cote-de-beaune,chardonnay,1988,1988-08-25,61.0,1
cote-de-beaune,chardonnay,1988,1988-08-29,103.0,1
cote-de-beaune,chardonnay,1988,1988-09-01,114.0,1
cote-de-beaune,chardonnay,1988,1988-09-05,134.0,1
cote-de-beaune,chardonnay,1988,1988-09-08,146.0,1
cote-de-beaune,chardonnay,1988,1988-09-12,159.0,1
cote-de-beaune,chardonnay,1988,1988-09-15,164.0,1
cote-de-beaune,chardonnay,1988,1988-09-19,175.0,1
cote-de-beaune,chardonnay,1988,1988-09-22,182.0,1
cote-de-beaune,chardonnay,1988,1988-09-26,194.0,1
cote-de-beaune,chardonnay,1989,1989-08-21,174.0,1
cote-de-beaune,chardonnay,1989,1989-08-24,180.0,1
cote-de-beaune,chardonnay,1989,1989-08-28,191.0,1
cote-de-beaune,chardonnay,1989,1989-08-31,193.0,1
cote-de-beaune,chardonnay,1989,1989-09-04,203.0,1
cote-de-beaune,chardonnay,1989,1989-09-07,208.0,1
cote-de-beaune,chardonnay,1990,1990-08-20,114.0,1
cote-de-beaune,chardonnay,1990,1990-08-23,123.0,1
cote-de-beaune,chardonnay,1990,1990-08-27,136.0,1
cote-de-beaune,chardonnay,1990,1990-08-30,138.0,1
cote-de-beaune,chardonnay,1990,1990-09-03,155.0,1
cote-de-beaune,chardonnay,1990,1990-09-06,158.0,1
cote-de-beaune,chardonnay,1990,1990-09-10,178.0,1
cote-de-beaune,chardonnay,1990,1990-09-13,185.0,1
cote-de-beaune,chardonnay,1990,1990-09-17,192.0,1
cote-de-beaune,chardonnay,1991,1991-08-19,95.0,1
cote-de-beaune,chardonnay,1991,1991-08-22,117.0,1
cote-de-beaune,chardonnay,1991,1991-08-26,125.0,1
cote-de-beaune,chardonnay,1991,1991-08-29,129.0,1
cote-de-beaune,chardonnay,1991,1991-09-02,145.0,1
cote-de-beaune,chardonnay,1991,1991-09-05,158.0,1
cote-de-beaune,chardonnay,1991,1991-09-09,157.0,1
cote-de-beaune,chardonnay,1991,1991-09-12,169.0,1
cote-de-beaune,chardonnay,1991,1991-09-16,176.0,1
cote-de-beaune,chardonnay,1991,1991-09-19,180.0,1
cote-de-beaune,chardonnay,1991,1991-09-23,177.0,1
cote-de-beaune,chardonnay,1991,1991-09-26,180.0,1
cote-de-beaune,chardonnay,1992,1992-08-20,113.5,1
cote-de-beaune,chardonnay,1992,1992-08-24,116.7,1
cote-de-beaune,chardonnay,1992,1992-09-03,174.5,1
cote-de-beaune,chardonnay,1992,1992-09-10,152.6,1
cote-de-beaune,chardonnay,1992,1992-09-14,180.3,2
cote-de-beaune,chardonnay,1992,1992-09-17,162.7,1
cote-de-beaune,chardonnay,1992,1992-09-21,175.4,1
cote-de-beaune,chardonnay,1993,1993-08-23,114.0,1
cote-de-beaune,chardonnay,1993,1993-08-26,119.0,1
cote-de-beaune,chardonnay,1993,1993-08-30,136.5,1
cote-de-beaune,chardonnay,1993,1993-09-02,149.0,1
cote-de-beaune,chardonnay,1993,1993-09-06,154.0,1
cote-de-beaune,chardonnay,1993,1993-09-09,161.0,1
cote-de-beaune,chardonnay,1993,1993-09-13,149.0,1
cote-de-beaune,chardonnay,1993,1993-09-16,171.0,1
cote-de-beaune,chardonnay,1993,1993-09-20,168.0,1
cote-de-beaune,chardonnay,1994,1994-08-22,131.5,3
cote-de-beaune,chardonnay,1994,1994-08-25,141.2,3
cote-de-beaune,chardonnay,1994,1994-08-29,165.0,3
cote-de-beaune,chardonnay,1994,1994-09-01,174.7,3
cote-de-beaune,chardonnay,1994,1994-09-05,184.7,3
cote-de-beaune,chardonnay,1994,1994-09-08,185.3,3
cote-de-beaune,chardonnay,1994,1994-09-12,187.0,3
cote-de-beaune,chardonnay,1994,1994-09-15,185.3,3
cote-de-beaune,chardonnay,1994,1994-09-19,170.3,3
cote-de-beaune,chardonnay,1995,1995-08-28,154.7,3
cote-de-beaune,chardonnay,1995,1995-08-31,150.8,3
cote-de-beaune,chardonnay,1995,1995-09-04,171.0,3
cote-de-beaune,chardonnay,1995,1995-09-07,171.2,3
cote-de-beaune,chardonnay,1995,1995-09-11,175.0,3
cote-de-beaune,chardonnay,1995,1995-09-14,191.0,3
cote-de-beaune,chardonnay,1995,1995-09-18,185.7,3
cote-de-beaune,chardonnay,1995,1995-09-21,188.0,3
cote-de-beaune,chardonnay,1995,1995-09-25,202.0,2
cote-de-beaune,chardonnay,1996,1996-08-26,124.8,3
cote-de-beaune,chardonnay,1996,1996-08-29,133.0,3
cote-de-beaune,chardonnay,1996,1996-09-02,151.5,3
cote-de-beaune,chardonnay,1996,1996-09-05,162.3,3
cote-de-beaune,chardonnay,1996,1996-09-09,187.8,3
cote-de-beaune,chardonnay,1996,1996-09-12,191.0,3
cote-de-beaune,chardonnay,1996,1996-09-16,193.8,3
cote-de-beaune,chardonnay,1996,1996-09-19,195.5,2
cote-de-beaune,chardonnay,1996,1996-09-23,203.7,3
cote-de-beaune,chardonnay,1996,1996-09-26,219.5,2
cote-de-beaune,chardonnay,1997,1997-08-21,135.7,3
cote-de-beaune,chardonnay,1997,1997-08-25,152.7,3
cote-de-beaune,chardonnay,1997,1997-08-28,158.3,3
cote-de-beaune,chardonnay,1997,1997-09-01,165.8,3
cote-de-beaune,chardonnay,1997,1997-09-04,169.2,3
cote-de-beaune,chardonnay,1997,1997-09-08,172.7,3
cote-de-beaune,chardonnay,1997,1997-09-11,189.8,3
cote-de-beaune,chardonnay,1997,1997-09-15,200.8,3
cote-de-beaune,chardonnay,1997,1997-09-18,199.8,2
cote-de-beaune,chardonnay,1998,1998-08-20,131.7,3
cote-de-beaune,chardonnay,1998,1998-08-24,137.0,5
cote-de-beaune,chardonnay,1998,1998-08-27,172.2,14
cote-de-beaune,chardonnay,1998,1998-08-31,163.1,16
cote-de-beaune,chardonnay,1998,1998-09-03,170.1,9
cote-de-beaune,chardonnay,1998,1998-09-07,173.3,18
cote-de-beaune,chardonnay,1998,1998-09-10,176.2,15
cote-de-beaune,chardonnay,1998,1998-09-14,173.6,17
cote-de-beaune,chardonnay,1998,1998-09-17,184.6,6
cote-de-beaune,chardonnay,1998,1998-09-21,198.0,2
cote-de-beaune,chardonnay,1998,1998-09-24,205.4,1
cote-de-beaune,chardonnay,1999,1999-08-26,146.3,11
cote-de-beaune,chardonnay,1999,1999-08-30,154.2,13
cote-de-beaune,chardonnay,1999,1999-09-02,164.9,16
cote-de-beaune,chardonnay,1999,1999-09-06,176.9,17
cote-de-beaune,chardonnay,1999,1999-09-09,186.4,18
cote-de-beaune,chardonnay,1999,1999-09-13,196.0,12
cote-de-beaune,chardonnay,1999,1999-09-16,195.2,4
cote-de-beaune,chardonnay,1999,1999-09-20,189.7,3
cote-de-beaune,chardonnay,1999,1999-09-23,203.5,2
cote-de-beaune,chardonnay,2000,2000-08-21,147.0,3
cote-de-beaune,chardonnay,2000,2000-08-24,148.5,9
cote-de-beaune,chardonnay,2000,2000-08-28,163.2,18
cote-de-beaune,chardonnay,2000,2000-08-31,164.1,19
cote-de-beaune,chardonnay,2000,2000-09-04,177.9,19
cote-de-beaune,chardonnay,2000,2000-09-07,185.3,12
cote-de-beaune,chardonnay,2000,2000-09-11,198.3,8
cote-de-beaune,chardonnay,2000,2000-09-14,201.0,6
cote-de-beaune,chardonnay,2000,2000-09-18,199.1,2
cote-de-beaune,chardonnay,2001,2001-08-23,122.7,3
cote-de-beaune,chardonnay,2001,2001-08-27,134.5,7
cote-de-beaune,chardonnay,2001,2001-08-30,160.8,15
cote-de-beaune,chardonnay,2001,2001-09-03,169.3,15
cote-de-beaune,chardonnay,2001,2001-09-06,177.9,16
cote-de-beaune,chardonnay,2001,2001-09-10,186.5,11
cote-de-beaune,chardonnay,2001,2001-09-13,192.1,11
cote-de-beaune,chardonnay,2001,2001-09-17,199.9,10
cote-de-beaune,chardonnay,2001,2001-09-20,192.4,4
cote-de-beaune,chardonnay,2001,2001-09-24,206.0,2
cote-de-beaune,chardonnay,2001,2001-09-27,209.7,1
cote-de-beaune,chardonnay,2002,2002-08-22,150.8,3
cote-de-beaune,chardonnay,2002,2002-08-26,153.0,5
cote-de-beaune,chardonnay,2002,2002-08-29,161.9,9
cote-de-beaune,chardonnay,2002,2002-09-02,168.7,19
cote-de-beaune,chardonnay,2002,2002-09-05,175.4,19
cote-de-beaune,chardonnay,2002,2002-09-09,181.2,18
cote-de-beaune,chardonnay,2002,2002-09-12,188.1,18
cote-de-beaune,chardonnay,2002,2002-09-16,197.8,7
cote-de-beaune,chardonnay,2002,2002-09-19,208.8,3
cote-de-beaune,chardonnay,2002,2002-09-23,212.4,2
cote-de-beaune,chardonnay,2003,2003-08-11,186.6,3
cote-de-beaune,chardonnay,2003,2003-08-13,196.1,3
cote-de-beaune,chardonnay,2003,2003-08-18,186.0,18
cote-de-beaune,chardonnay,2003,2003-08-21,198.6,8
cote-de-beaune,chardonnay,2003,2003-08-25,211.7,7
cote-de-beaune,chardonnay,2003,2003-08-28,217.6,3
cote-de-beaune,chardonnay,2003,2003-09-01,225.7,2
cote-de-beaune,chardonnay,2003,2003-09-04,226.6,2
cote-de-beaune,chardonnay,2004,2004-08-19,97.5,2
cote-de-beaune,chardonnay,2004,2004-08-23,104.9,3
cote-de-beaune,chardonnay,2004,2004-08-26,122.8,3
cote-de-beaune,chardonnay,2004,2004-08-30,136.5,3
cote-de-beaune,chardonnay,2004,2004-09-02,139.8,11
cote-de-beaune,chardonnay,2004,2004-09-06,159.8,19
cote-de-beaune,chardonnay,2004,2004-09-09,168.2,23
cote-de-beaune,chardonnay,2004,2004-09-13,175.9,23
cote-de-beaune,chardonnay,2004,2004-09-16,182.6,19
cote-de-beaune,chardonnay,2004,2004-09-20,192.0,12
cote-de-beaune,chardonnay,2004,2004-09-23,199.8,4
cote-de-beaune,chardonnay,2004,2004-09-27,198.8,2
cote-de-beaune,chardonnay,2005,2005-08-18,124.0,2
cote-de-beaune,chardonnay,2005,2005-08-22,132.3,3
cote-de-beaune,chardonnay,2005,2005-08-25,143.9,3
cote-de-beaune,chardonnay,2005,2005-08-29,162.1,3
cote-de-beaune,chardonnay,2005,2005-09-01,184.2,22
cote-de-beaune,chardonnay,2005,2005-09-05,195.6,23
cote-de-beaune,chardonnay,2005,2005-09-08,197.9,23
cote-de-beaune,chardonnay,2005,2005-09-12,199.1,14
cote-de-beaune,chardonnay,2005,2005-09-15,203.3,8
cote-de-beaune,chardonnay,2005,2005-09-19,212.6,2
cote-de-beaune,chardonnay,2005,2005-09-22,234.7,1
cote-de-beaune,chardonnay,2006,2006-08-17,135.1,3
cote-de-beaune,chardonnay,2006,2006-08-21,144.0,3
cote-de-beaune,chardonnay,2006,2006-08-24,159.0,3
cote-de-beaune,chardonnay,2006,2006-08-28,174.1,3
cote-de-beaune,chardonnay,2006,2006-08-31,171.8,20
cote-de-beaune,chardonnay,2006,2006-09-04,184.3,23
cote-de-beaune,chardonnay,2006,2006-09-07,192.3,23
cote-de-beaune,chardonnay,2006,2006-09-11,202.7,23
cote-de-beaune,chardonnay,2006,2006-09-14,208.4,16
cote-de-beaune,chardonnay,2006,2006-09-18,213.6,10
cote-de-beaune,chardonnay,2006,2006-09-21,223.5,2
cote-de-beaune,chardonnay,2006,2006-09-25,228.5,1
cote-de-beaune,chardonnay,2007,2007-08-02,118.5,3
cote-de-beaune,chardonnay,2007,2007-08-06,138.4,3
cote-de-beaune,chardonnay,2007,2007-08-09,139.3,17
cote-de-beaune,chardonnay,2007,2007-08-13,144.7,19
cote-de-beaune,chardonnay,2007,2007-08-16,155.5,19
cote-de-beaune,chardonnay,2007,2007-08-20,165.2,22
cote-de-beaune,chardonnay,2007,2007-08-23,168.8,24
cote-de-beaune,chardonnay,2007,2007-08-27,182.2,23
cote-de-beaune,chardonnay,2007,2007-08-30,180.7,15
cote-de-beaune,chardonnay,2007,2007-09-03,189.7,6
cote-de-beaune,chardonnay,2007,2007-09-06,197.1,3
cote-de-beaune,chardonnay,2008,2008-08-21,100.1,3
cote-de-beaune,chardonnay,2008,2008-08-25,116.8,3
cote-de-beaune,chardonnay,2008,2008-08-28,132.6,3
cote-de-beaune,chardonnay,2008,2008-09-01,154.3,3
cote-de-beaune,chardonnay,2008,2008-09-04,145.2,24
cote-de-beaune,chardonnay,2008,2008-09-08,151.2,25
cote-de-beaune,chardonnay,2008,2008-09-11,157.7,24
cote-de-beaune,chardonnay,2008,2008-09-15,169.3,25
cote-de-beaune,chardonnay,2008,2008-09-18,172.8,26
cote-de-beaune,chardonnay,2008,2008-09-22,183.5,18
cote-de-beaune,chardonnay,2008,2008-09-25,186.8,9
cote-de-beaune,chardonnay,2009,2009-08-13,129.3,3
cote-de-beaune,chardonnay,2009,2009-08-20,171.3,3
cote-de-beaune,chardonnay,2009,2009-08-24,177.1,22
cote-de-beaune,chardonnay,2009,2009-08-27,180.8,25
cote-de-beaune,chardonnay,2009,2009-08-31,192.0,26
cote-de-beaune,chardonnay,2009,2009-09-03,192.4,20
cote-de-beaune,chardonnay,2009,2009-09-07,201.1,11
cote-de-beaune,chardonnay,2009,2009-09-10,214.7,3
cote-de-beaune,chardonnay,2010,2010-08-23,120.5,3
cote-de-beaune,chardonnay,2010,2010-08-26,132.3,3
cote-de-beaune,chardonnay,2010,2010-08-30,150.0,3
cote-de-beaune,chardonnay,2010,2010-09-02,165.1,20
cote-de-beaune,chardonnay,2010,2010-09-06,178.0,26
cote-de-beaune,chardonnay,2010,2010-09-09,177.5,26
cote-de-beaune,chardonnay,2010,2010-09-13,186.5,25
cote-de-beaune,chardonnay,2010,2010-09-16,189.8,12
cote-de-beaune,chardonnay,2010,2010-09-20,193.8,5
cote-de-beaune,chardonnay,2010,2010-09-23,200.5,2
cote-de-beaune,chardonnay,2011,2011-08-01,94.0,5
cote-de-beaune,chardonnay,2011,2011-08-04,115.6,7
cote-de-beaune,chardonnay,2011,2011-08-08,135.1,7
cote-de-beaune,chardonnay,2011,2011-08-11,145.9,10
cote-de-beaune,chardonnay,2011,2011-08-16,160.8,22
cote-de-beaune,chardonnay,2011,2011-08-18,164.2,25
cote-de-beaune,chardonnay,2011,2011-08-22,176.6,45
cote-de-beaune,chardonnay,2011,2011-08-25,186.3,16
cote-de-beaune,chardonnay,2011,2011-08-29,191.6,12
cote-de-beaune,chardonnay,2011,2011-09-01,186.5,2
cote-de-beaune,chardonnay,2012,2012-08-20,108.7,3
cote-de-beaune,chardonnay,2012,2012-08-23,122.0,3
cote-de-beaune,chardonnay,2012,2012-08-27,136.0,3
cote-de-beaune,chardonnay,2012,2012-08-30,143.3,3
cote-de-beaune,chardonnay,2012,2012-09-03,163.8,20
cote-de-beaune,chardonnay,2012,2012-09-06,171.6,23
cote-de-beaune,chardonnay,2012,2012-09-10,187.1,26
cote-de-beaune,chardonnay,2012,2012-09-13,187.1,18
cote-de-beaune,chardonnay,2012,2012-09-17,196.3,15
cote-de-beaune,chardonnay,2012,2012-09-20,195.0,4
cote-de-beaune,chardonnay,2013,2013-08-29,104.0,3
cote-de-beaune,chardonnay,2013,2013-09-02,127.0,3
cote-de-beaune,chardonnay,2013,2013-09-05,144.0,3
cote-de-beaune,chardonnay,2013,2013-09-09,142.7,7
cote-de-beaune,chardonnay,2013,2013-09-12,156.2,23
cote-de-beaune,chardonnay,2013,2013-09-16,164.9,21
cote-de-beaune,chardonnay,2013,2013-09-19,168.8,24
cote-de-beaune,chardonnay,2013,2013-09-23,180.4,24
cote-de-beaune,chardonnay,2013,2013-09-26,183.8,13
cote-de-beaune,chardonnay,2013,2013-09-30,182.2,5
cote-de-beaune,chardonnay,2014,2014-08-13,115.3,3
cote-de-beaune,chardonnay,2014,2014-08-18,130.7,3
cote-de-beaune,chardonnay,2014,2014-08-21,143.3,3
cote-de-beaune,chardonnay,2014,2014-08-25,152.6,14
cote-de-beaune,chardonnay,2014,2014-08-28,161.6,21
cote-de-beaune,chardonnay,2014,2014-09-01,168.5,23
cote-de-beaune,chardonnay,2014,2014-09-04,178.5,25
cote-de-beaune,chardonnay,2014,2014-09-08,189.5,25
cote-de-beaune,chardonnay,2014,2014-09-11,191.7,13
cote-de-beaune,chardonnay,2014,2014-09-15,203.0,1
cote-de-beaune,chardonnay,2015,2015-08-10,142.0,1
cote-de-beaune,chardonnay,2015,2015-08-17,158.9,11
cote-de-beaune,chardonnay,2015,2015-08-20,175.5,21
cote-de-beaune,chardonnay,2015,2015-08-24,186.1,25
cote-de-beaune,chardonnay,2015,2015-08-27,195.8,17
cote-de-beaune,chardonnay,2015,2015-08-31,209.2,12
cote-de-beaune,chardonnay,2015,2015-09-03,209.0,1
cote-de-beaune,chardonnay,2016,2016-08-25,110.0,1
cote-de-beaune,chardonnay,2016,2016-08-29,129.0,1
cote-de-beaune,chardonnay,2016,2016-09-01,151.8,6
cote-de-beaune,chardonnay,2016,2016-09-05,161.9,9
cote-de-beaune,chardonnay,2016,2016-09-08,160.8,21
cote-de-beaune,chardonnay,2016,2016-09-12,177.1,22
cote-de-beaune,chardonnay,2016,2016-09-15,179.2,11
cote-de-beaune,chardonnay,2016,2016-09-19,180.4,13
cote-de-beaune,chardonnay,2016,2016-09-22,183.2,6
cote-de-beaune,chardonnay,2017,2017-08-07,118.7,3
cote-de-beaune,chardonnay,2017,2017-08-10,128.0,3
cote-de-beaune,chardonnay,2017,2017-08-14,144.7,3
cote-de-beaune,chardonnay,2017,2017-08-17,164.4,12
cote-de-beaune,chardonnay,2017,2017-08-21,175.3,25
cote-de-beaune,chardonnay,2017,2017-08-24,189.4,26
cote-de-beaune,chardonnay,2017,2017-08-28,201.0,16
cote-de-beaune,chardonnay,2017,2017-08-31,195.2,13
cote-de-beaune,chardonnay,2017,2017-09-04,200.1,7
cote-de-beaune,chardonnay,2017,2017-09-07,202.0,1
cote-de-beaune,chardonnay,2018,2018-08-02,107.0,3
cote-de-beaune,chardonnay,2018,2018-08-06,137.7,3
cote-de-beaune,chardonnay,2018,2018-08-09,150.5,4
cote-de-beaune,chardonnay,2018,2018-08-13,166.4,7
cote-de-beaune,chardonnay,2018,2018-08-16,166.6,12
cote-de-beaune,chardonnay,2018,2018-08-20,179.3,26
cote-de-beaune,chardonnay,2018,2018-08-23,189.7,23
cote-de-beaune,chardonnay,2018,2018-08-27,194.8,13
cote-de-beaune,chardonnay,2018,2018-08-30,192.4,10
cote-de-beaune,chardonnay,2018,2018-09-03,197.3,3
cote-de-beaune,chardonnay,2019,2019-08-13,115.5,2
cote-de-beaune,chardonnay,2019,2019-08-19,141.3,3
cote-de-beaune,chardonnay,2019,2019-08-22,155.0,8
cote-de-beaune,chardonnay,2019,2019-08-26,175.5,15
cote-de-beaune,chardonnay,2019,2019-08-29,186.2,22
cote-de-beaune,chardonnay,2019,2019-09-02,195.5,24
cote-de-beaune,chardonnay,2019,2019-09-05,209.1,17
cote-de-beaune,chardonnay,2019,2019-09-09,208.4,9
cote-de-beaune,chardonnay,2019,2019-09-12,212.5,2
cote-de-beaune,chardonnay,2020,2020-07-27,99.3,3
cote-de-beaune,chardonnay,2020,2020-07-30,122.7,3
cote-de-beaune,chardonnay,2020,2020-08-03,145.7,3
cote-de-beaune,chardonnay,2020,2020-08-06,148.5,4
cote-de-beaune,chardonnay,2020,2020-08-10,184.1,19
cote-de-beaune,chardonnay,2020,2020-08-13,191.1,26
cote-de-beaune,chardonnay,2020,2020-08-17,193.2,26
cote-de-beaune,chardonnay,2020,2020-08-20,198.5,11
cote-de-beaune,chardonnay,2020,2020-08-24,200.1,9
cote-de-beaune,chardonnay,2020,2020-08-27,192.3,3
cote-de-beaune,chardonnay,2021,2021-08-23,134.0,1
cote-de-beaune,chardonnay,2021,2021-08-26,125.4,5
cote-de-beaune,chardonnay,2021,2021-08-30,138.7,7
cote-de-beaune,chardonnay,2021,2021-09-02,161.2,9
cote-de-beaune,chardonnay,2021,2021-09-06,177.4,16
cote-de-beaune,chardonnay,2021,2021-09-09,182.8,18
cote-de-beaune,chardonnay,2021,2021-09-13,190.1,20
cote-de-beaune,chardonnay,2021,2021-09-16,189.0,10
cote-de-beaune,chardonnay,2021,2021-09-20,184.0,1
cote-de-beaune,chardonnay,2022,2022-08-01,132.0,3
cote-de-beaune,chardonnay,2022,2022-08-04,145.3,3
cote-de-beaune,chardonnay,2022,2022-08-08,158.2,5
cote-de-beaune,chardonnay,2022,2022-08-11,175.5,13
cote-de-beaune,chardonnay,2022,2022-08-16,184.0,22
cote-de-beaune,chardonnay,2022,2022-08-18,185.0,21
cote-de-beaune,chardonnay,2022,2022-08-22,188.1,26
cote-de-beaune,chardonnay,2022,2022-08-25,197.3,12
cote-de-beaune,chardonnay,2022,2022-08-29,200.5,4
cote-de-beaune,chardonnay,2023,2023-08-10,138.7,3
cote-de-beaune,chardonnay,2023,2023-08-14,149.7,3
cote-de-beaune,chardonnay,2023,2023-08-17,147.2,6
cote-de-beaune,chardonnay,2023,2023-08-21,171.3,23
cote-de-beaune,chardonnay,2023,2023-08-24,186.2,25
cote-de-beaune,chardonnay,2023,2023-08-28,186.7,27
cote-de-beaune,chardonnay,2023,2023-08-31,192.0,20
cote-de-beaune,chardonnay,2023,2023-09-04,199.6,10
cote-de-beaune,chardonnay,2023,2023-09-07,208.5,2
cote-de-beaune,chardonnay,2024,2024-08-19,99.3,3
cote-de-beaune,chardonnay,2024,2024-08-22,118.0,7
cote-de-beaune,chardonnay,2024,2024-08-26,130.4,17
cote-de-beaune,chardonnay,2024,2024-08-29,144.6,22
cote-de-beaune,chardonnay,2024,2024-09-02,161.1,26
cote-de-beaune,chardonnay,2024,2024-09-05,163.6,24
cote-de-beaune,chardonnay,2024,2024-09-09,170.2,27
cote-de-beaune,chardonnay,2024,2024-09-12,175.1,17
cote-de-beaune,chardonnay,2024,2024-09-16,181.8,8
cote-de-beaune,chardonnay,2024,2024-09-19,184.0,2
cote-de-beaune,chardonnay,2025,2025-08-04,129.0,4
cote-de-beaune,chardonnay,2025,2025-08-07,149.8,4
cote-de-beaune,chardonnay,2025,2025-08-11,180.2,4
cote-de-beaune,chardonnay,2025,2025-08-14,202.9,14
cote-de-beaune,chardonnay,2025,2025-08-18,204.2,27
cote-de-beaune,chardonnay,2025,2025-08-21,201.6,27
cote-de-beaune,chardonnay,2025,2025-08-25,200.5,10
cote-de-beaune,chardonnay,2025,2025-08-28,178.3,3
cote-de-beaune,chardonnay,2025,2025-09-01,192.7,3
cote-de-beaune,chardonnay,2026,2026-07-27,136.0,1
cote-de-beaune,chardonnay,2026,2026-07-30,153.0,1
cote-de-beaune,chardonnay,2026,2026-08-03,183.2,5
cote-de-beaune,chardonnay,2026,2026-08-06,195.8,13
cote-de-beaune,chardonnay,2026,2026-08-10,213.0,23
cote-de-beaune,chardonnay,2026,2026-08-13,229.7,19
cote-de-beaune,chardonnay,2026,2026-08-17,236.1,15
cote-de-beaune,chardonnay,2026,2026-08-20,236.3,3
cote-de-beaune,pinot-noir,1988,1988-08-22,124.0,3
cote-de-beaune,pinot-noir,1988,1988-08-25,130.3,3
cote-de-beaune,pinot-noir,1988,1988-08-29,149.0,3
cote-de-beaune,pinot-noir,1988,1988-09-01,151.0,3
cote-de-beaune,pinot-noir,1988,1988-09-05,161.7,3
cote-de-beaune,pinot-noir,1988,1988-09-08,173.7,3
cote-de-beaune,pinot-noir,1988,1988-09-12,184.7,3
cote-de-beaune,pinot-noir,1988,1988-09-15,186.7,3
cote-de-beaune,pinot-noir,1988,1988-09-19,194.7,3
cote-de-beaune,pinot-noir,1988,1988-09-22,191.0,2
cote-de-beaune,pinot-noir,1989,1989-08-21,153.3,3
cote-de-beaune,pinot-noir,1989,1989-08-24,173.0,3
cote-de-beaune,pinot-noir,1989,1989-08-28,179.3,3
cote-de-beaune,pinot-noir,1989,1989-08-31,186.0,3
cote-de-beaune,pinot-noir,1989,1989-09-04,196.0,3
cote-de-beaune,pinot-noir,1989,1989-09-07,199.3,3
cote-de-beaune,pinot-noir,1989,1989-09-11,180.0,3
cote-de-beaune,pinot-noir,1989,1989-09-14,213.0,2
cote-de-beaune,pinot-noir,1990,1990-08-20,130.0,3
cote-de-beaune,pinot-noir,1990,1990-08-23,140.3,3
cote-de-beaune,pinot-noir,1990,1990-08-27,155.7,3
cote-de-beaune,pinot-noir,1990,1990-08-30,163.7,3
cote-de-beaune,pinot-noir,1990,1990-09-03,174.7,3
cote-de-beaune,pinot-noir,1990,1990-09-06,185.7,3
cote-de-beaune,pinot-noir,1990,1990-09-10,194.0,3
cote-de-beaune,pinot-noir,1990,1990-09-13,201.3,3
cote-de-beaune,pinot-noir,1990,1990-09-17,212.5,2
cote-de-beaune,pinot-noir,1990,1990-09-20,229.0,1
cote-de-beaune,pinot-noir,1991,1991-08-19,152.7,3
cote-de-beaune,pinot-noir,1991,1991-08-22,166.0,3
cote-de-beaune,pinot-noir,1991,1991-08-26,176.3,3
cote-de-beaune,pinot-noir,1991,1991-08-29,166.3,3
cote-de-beaune,pinot-noir,1991,1991-09-02,186.7,3
cote-de-beaune,pinot-noir,1991,1991-09-05,195.3,3
cote-de-beaune,pinot-noir,1991,1991-09-09,201.3,3
cote-de-beaune,pinot-noir,1991,1991-09-12,194.5,2
cote-de-beaune,pinot-noir,1992,1992-08-17,145.0,1
cote-de-beaune,pinot-noir,1992,1992-08-20,141.4,3
cote-de-beaune,pinot-noir,1992,1992-08-24,141.7,3
cote-de-beaune,pinot-noir,1992,1992-08-27,146.3,3
cote-de-beaune,pinot-noir,1992,1992-08-31,168.0,3
cote-de-beaune,pinot-noir,1992,1992-09-03,167.1,3
cote-de-beaune,pinot-noir,1992,1992-09-10,180.2,3
cote-de-beaune,pinot-noir,1992,1992-09-14,178.8,5
cote-de-beaune,pinot-noir,1992,1992-09-17,197.5,1
cote-de-beaune,pinot-noir,1993,1993-08-23,143.7,3
cote-de-beaune,pinot-noir,1993,1993-08-26,144.7,3
cote-de-beaune,pinot-noir,1993,1993-08-30,159.7,3
cote-de-beaune,pinot-noir,1993,1993-09-02,180.8,3
cote-de-beaune,pinot-noir,1993,1993-09-06,175.5,3
cote-de-beaune,pinot-noir,1993,1993-09-09,169.7,3
cote-de-beaune,pinot-noir,1993,1993-09-13,168.8,3
cote-de-beaune,pinot-noir,1993,1993-09-16,187.2,3
cote-de-beaune,pinot-noir,1993,1993-09-20,194.5,2
cote-de-beaune,pinot-noir,1994,1994-08-22,141.5,3
cote-de-beaune,pinot-noir,1994,1994-08-25,147.6,3
cote-de-beaune,pinot-noir,1994,1994-08-29,164.5,3
cote-de-beaune,pinot-noir,1994,1994-09-01,174.7,3
cote-de-beaune,pinot-noir,1994,1994-09-05,186.0,3
cote-de-beaune,pinot-noir,1994,1994-09-08,179.7,3
cote-de-beaune,pinot-noir,1994,1994-09-12,186.0,3
cote-de-beaune,pinot-noir,1994,1994-09-15,188.3,3
cote-de-beaune,pinot-noir,1994,1994-09-19,189.0,1
cote-de-beaune,pinot-noir,1995,1995-08-28,161.7,3
cote-de-beaune,pinot-noir,1995,1995-08-31,164.0,3
cote-de-beaune,pinot-noir,1995,1995-09-04,175.3,3
cote-de-beaune,pinot-noir,1995,1995-09-07,170.5,2
cote-de-beaune,pinot-noir,1995,1995-09-11,180.3,3
cote-de-beaune,pinot-noir,1995,1995-09-14,191.8,3
cote-de-beaune,pinot-noir,1995,1995-09-18,198.0,3
cote-de-beaune,pinot-noir,1995,1995-09-21,202.3,3
cote-de-beaune,pinot-noir,1995,1995-09-25,203.0,2
cote-de-beaune,pinot-noir,1995,1995-09-28,200.0,1
cote-de-beaune,pinot-noir,1996,1996-08-26,125.3,3
cote-de-beaune,pinot-noir,1996,1996-08-29,129.5,3
cote-de-beaune,pinot-noir,1996,1996-09-02,151.5,3
cote-de-beaune,pinot-noir,1996,1996-09-05,156.8,3
cote-de-beaune,pinot-noir,1996,1996-09-09,174.5,3
cote-de-beaune,pinot-noir,1996,1996-09-12,181.7,3
cote-de-beaune,pinot-noir,1996,1996-09-16,190.8,3
cote-de-beaune,pinot-noir,1996,1996-09-19,198.3,3
cote-de-beaune,pinot-noir,1996,1996-09-23,202.0,1
cote-de-beaune,pinot-noir,1996,1996-09-26,201.0,1
cote-de-beaune,pinot-noir,1997,1997-08-21,161.4,4
cote-de-beaune,pinot-noir,1997,1997-08-25,181.6,4
cote-de-beaune,pinot-noir,1997,1997-08-28,172.5,4
cote-de-beaune,pinot-noir,1997,1997-09-01,178.4,4
cote-de-beaune,pinot-noir,1997,1997-09-04,185.0,4
cote-de-beaune,pinot-noir,1997,1997-09-08,192.2,4
cote-de-beaune,pinot-noir,1997,1997-09-11,200.6,4
cote-de-beaune,pinot-noir,1997,1997-09-15,211.0,3
cote-de-beaune,pinot-noir,1997,1997-09-18,217.0,1
cote-de-beaune,pinot-noir,1998,1998-08-20,148.5,4
cote-de-beaune,pinot-noir,1998,1998-08-24,149.2,8
cote-de-beaune,pinot-noir,1998,1998-08-27,154.7,19
cote-de-beaune,pinot-noir,1998,1998-08-31,166.9,23
cote-de-beaune,pinot-noir,1998,1998-09-03,175.0,23
cote-de-beaune,pinot-noir,1998,1998-09-07,176.8,23
cote-de-beaune,pinot-noir,1998,1998-09-10,181.7,24
cote-de-beaune,pinot-noir,1998,1998-09-14,180.8,25
cote-de-beaune,pinot-noir,1998,1998-09-17,188.4,8
cote-de-beaune,pinot-noir,1998,1998-09-21,213.8,1
cote-de-beaune,pinot-noir,1999,1999-08-26,143.7,5
cote-de-beaune,pinot-noir,1999,1999-08-30,156.4,20
cote-de-beaune,pinot-noir,1999,1999-09-02,168.9,24
cote-de-beaune,pinot-noir,1999,1999-09-06,182.6,24
cote-de-beaune,pinot-noir,1999,1999-09-09,187.1,26
cote-de-beaune,pinot-noir,1999,1999-09-13,206.1,25
cote-de-beaune,pinot-noir,1999,1999-09-16,212.3,7
cote-de-beaune,pinot-noir,1999,1999-09-20,225.5,2
cote-de-beaune,pinot-noir,1999,1999-09-23,217.0,1
cote-de-beaune,pinot-noir,1999,1999-09-27,218.0,1
cote-de-beaune,pinot-noir,2000,2000-08-21,155.6,4
cote-de-beaune,pinot-noir,2000,2000-08-24,151.4,16
cote-de-beaune,pinot-noir,2000,2000-08-28,162.3,27
cote-de-beaune,pinot-noir,2000,2000-08-31,165.4,26
cote-de-beaune,pinot-noir,2000,2000-09-04,174.4,25
cote-de-beaune,pinot-noir,2000,2000-09-07,183.8,26
cote-de-beaune,pinot-noir,2000,2000-09-11,197.2,17
cote-de-beaune,pinot-noir,2000,2000-09-14,207.7,2
cote-de-beaune,pinot-noir,2001,2001-08-23,141.9,4
cote-de-beaune,pinot-noir,2001,2001-08-27,138.3,13
cote-de-beaune,pinot-noir,2001,2001-08-30,154.4,26
cote-de-beaune,pinot-noir,2001,2001-09-03,161.8,27
cote-de-beaune,pinot-noir,2001,2001-09-06,169.2,29
cote-de-beaune,pinot-noir,2001,2001-09-10,179.3,27
cote-de-beaune,pinot-noir,2001,2001-09-13,188.6,21
cote-de-beaune,pinot-noir,2001,2001-09-17,194.7,21
cote-de-beaune,pinot-noir,2001,2001-09-20,188.7,7
cote-de-beaune,pinot-noir,2001,2001-09-24,206.2,2
cote-de-beaune,pinot-noir,2001,2001-09-27,203.9,1
cote-de-beaune,pinot-noir,2002,2002-08-22,168.1,3
cote-de-beaune,pinot-noir,2002,2002-08-26,163.3,11
cote-de-beaune,pinot-noir,2002,2002-08-29,162.3,20
cote-de-beaune,pinot-noir,2002,2002-09-02,171.6,29
cote-de-beaune,pinot-noir,2002,2002-09-05,177.5,21
cote-de-beaune,pinot-noir,2002,2002-09-09,185.1,21
cote-de-beaune,pinot-noir,2002,2002-09-12,188.0,22
cote-de-beaune,pinot-noir,2002,2002-09-16,201.0,6
cote-de-beaune,pinot-noir,2002,2002-09-19,227.3,2
cote-de-beaune,pinot-noir,2002,2002-09-23,231.6,1
cote-de-beaune,pinot-noir,2003,2003-08-11,216.0,4
cote-de-beaune,pinot-noir,2003,2003-08-13,221.3,4
cote-de-beaune,pinot-noir,2003,2003-08-14,187.2,5
cote-de-beaune,pinot-noir,2003,2003-08-18,192.9,19
cote-de-beaune,pinot-noir,2003,2003-08-21,203.7,15
cote-de-beaune,pinot-noir,2003,2003-08-25,222.3,9
cote-de-beaune,pinot-noir,2003,2003-08-28,238.4,2
cote-de-beaune,pinot-noir,2003,2003-09-01,233.9,1
cote-de-beaune,pinot-noir,2004,2004-08-19,123.7,3
cote-de-beaune,pinot-noir,2004,2004-08-23,132.2,4
cote-de-beaune,pinot-noir,2004,2004-08-26,133.6,4
cote-de-beaune,pinot-noir,2004,2004-08-30,139.2,4
cote-de-beaune,pinot-noir,2004,2004-09-02,150.1,12
cote-de-beaune,pinot-noir,2004,2004-09-06,167.1,18
cote-de-beaune,pinot-noir,2004,2004-09-09,175.6,29
cote-de-beaune,pinot-noir,2004,2004-09-13,183.0,25
cote-de-beaune,pinot-noir,2004,2004-09-16,189.2,24
cote-de-beaune,pinot-noir,2004,2004-09-20,199.9,20
cote-de-beaune,pinot-noir,2004,2004-09-23,205.3,6
cote-de-beaune,pinot-noir,2004,2004-09-27,215.1,3
cote-de-beaune,pinot-noir,2005,2005-08-18,156.0,4
cote-de-beaune,pinot-noir,2005,2005-08-22,168.6,4
cote-de-beaune,pinot-noir,2005,2005-08-25,179.1,4
cote-de-beaune,pinot-noir,2005,2005-08-29,189.0,4
cote-de-beaune,pinot-noir,2005,2005-09-01,187.6,28
cote-de-beaune,pinot-noir,2005,2005-09-05,199.9,28
cote-de-beaune,pinot-noir,2005,2005-09-08,195.3,28
cote-de-beaune,pinot-noir,2005,2005-09-12,197.8,21
cote-de-beaune,pinot-noir,2005,2005-09-15,201.1,12
cote-de-beaune,pinot-noir,2005,2005-09-19,221.6,2
cote-de-beaune,pinot-noir,2005,2005-09-22,226.5,1
cote-de-beaune,pinot-noir,2006,2006-08-17,137.2,4
cote-de-beaune,pinot-noir,2006,2006-08-21,154.3,4
cote-de-beaune,pinot-noir,2006,2006-08-24,165.8,4
cote-de-beaune,pinot-noir,2006,2006-08-28,181.6,4
cote-de-beaune,pinot-noir,2006,2006-08-31,171.6,20
cote-de-beaune,pinot-noir,2006,2006-09-04,182.4,28
cote-de-beaune,pinot-noir,2006,2006-09-07,190.2,26
cote-de-beaune,pinot-noir,2006,2006-09-11,200.8,23
cote-de-beaune,pinot-noir,2006,2006-09-14,208.4,23
cote-de-beaune,pinot-noir,2006,2006-09-18,211.0,16
cote-de-beaune,pinot-noir,2006,2006-09-21,212.5,2
cote-de-beaune,pinot-noir,2007,2007-08-02,147.1,4
cote-de-beaune,pinot-noir,2007,2007-08-06,165.5,5
cote-de-beaune,pinot-noir,2007,2007-08-09,153.3,11
cote-de-beaune,pinot-noir,2007,2007-08-13,160.2,20
cote-de-beaune,pinot-noir,2007,2007-08-16,163.6,19
cote-de-beaune,pinot-noir,2007,2007-08-20,172.3,28
cote-de-beaune,pinot-noir,2007,2007-08-23,173.1,26
cote-de-beaune,pinot-noir,2007,2007-08-27,186.2,19
cote-de-beaune,pinot-noir,2007,2007-08-30,191.6,14
cote-de-beaune,pinot-noir,2007,2007-09-03,191.4,2
cote-de-beaune,pinot-noir,2007,2007-09-06,195.0,1
cote-de-beaune,pinot-noir,2008,2008-08-21,123.3,4
cote-de-beaune,pinot-noir,2008,2008-08-25,132.6,4
cote-de-beaune,pinot-noir,2008,2008-08-28,148.2,4
cote-de-beaune,pinot-noir,2008,2008-09-01,164.3,3
cote-de-beaune,pinot-noir,2008,2008-09-04,153.8,23
cote-de-beaune,pinot-noir,2008,2008-09-08,157.4,30
cote-de-beaune,pinot-noir,2008,2008-09-11,162.4,30
cote-de-beaune,pinot-noir,2008,2008-09-15,171.8,31
cote-de-beaune,pinot-noir,2008,2008-09-18,177.7,29
cote-de-beaune,pinot-noir,2008,2008-09-22,187.9,27
cote-de-beaune,pinot-noir,2008,2008-09-25,188.8,9
cote-de-beaune,pinot-noir,2008,2008-09-29,208.3,1
cote-de-beaune,pinot-noir,2009,2009-08-13,138.0,4
cote-de-beaune,pinot-noir,2009,2009-08-17,160.7,3
cote-de-beaune,pinot-noir,2009,2009-08-20,172.8,6
cote-de-beaune,pinot-noir,2009,2009-08-24,179.6,26
cote-de-beaune,pinot-noir,2009,2009-08-27,182.8,29
cote-de-beaune,pinot-noir,2009,2009-08-31,195.3,29
cote-de-beaune,pinot-noir,2009,2009-09-03,196.2,25
cote-de-beaune,pinot-noir,2009,2009-09-07,208.4,25
cote-de-beaune,pinot-noir,2009,2009-09-10,217.7,6
cote-de-beaune,pinot-noir,2010,2010-08-23,147.3,4
cote-de-beaune,pinot-noir,2010,2010-08-26,153.0,4
cote-de-beaune,pinot-noir,2010,2010-08-30,165.2,4
cote-de-beaune,pinot-noir,2010,2010-09-02,174.5,18
cote-de-beaune,pinot-noir,2010,2010-09-06,185.7,25
cote-de-beaune,pinot-noir,2010,2010-09-09,184.6,25
cote-de-beaune,pinot-noir,2010,2010-09-13,193.3,24
cote-de-beaune,pinot-noir,2010,2010-09-16,196.3,24
cote-de-beaune,pinot-noir,2010,2010-09-20,207.1,12
cote-de-beaune,pinot-noir,2010,2010-09-23,208.5,4
cote-de-beaune,pinot-noir,2010,2010-09-27,219.0,1
cote-de-beaune,pinot-noir,2011,2011-08-01,114.5,4
cote-de-beaune,pinot-noir,2011,2011-08-04,131.8,5
cote-de-beaune,pinot-noir,2011,2011-08-08,141.4,7
cote-de-beaune,pinot-noir,2011,2011-08-11,152.0,16
cote-de-beaune,pinot-noir,2011,2011-08-16,162.5,21
cote-de-beaune,pinot-noir,2011,2011-08-18,164.5,23
cote-de-beaune,pinot-noir,2011,2011-08-22,175.8,45
cote-de-beaune,pinot-noir,2011,2011-08-25,186.4,28
cote-de-beaune,pinot-noir,2011,2011-08-29,187.5,22
cote-de-beaune,pinot-noir,2011,2011-09-01,189.3,6
cote-de-beaune,pinot-noir,2011,2011-09-05,200.0,2
cote-de-beaune,pinot-noir,2012,2012-08-20,143.2,4
cote-de-beaune,pinot-noir,2012,2012-08-23,154.0,4
cote-de-beaune,pinot-noir,2012,2012-08-27,156.8,4
cote-de-beaune,pinot-noir,2012,2012-08-30,164.2,4
cote-de-beaune,pinot-noir,2012,2012-09-03,174.5,23
cote-de-beaune,pinot-noir,2012,2012-09-06,183.3,26
cote-de-beaune,pinot-noir,2012,2012-09-10,196.6,31
cote-de-beaune,pinot-noir,2012,2012-09-13,197.2,26
cote-de-beaune,pinot-noir,2012,2012-09-17,205.4,28
cote-de-beaune,pinot-noir,2012,2012-09-20,212.8,11
cote-de-beaune,pinot-noir,2013,2013-08-29,121.3,3
cote-de-beaune,pinot-noir,2013,2013-09-02,146.0,3
cote-de-beaune,pinot-noir,2013,2013-09-05,171.3,3
cote-de-beaune,pinot-noir,2013,2013-09-09,166.3,10
cote-de-beaune,pinot-noir,2013,2013-09-12,167.6,17
cote-de-beaune,pinot-noir,2013,2013-09-16,169.3,22
cote-de-beaune,pinot-noir,2013,2013-09-19,173.2,27
cote-de-beaune,pinot-noir,2013,2013-09-23,185.3,26
cote-de-beaune,pinot-noir,2013,2013-09-26,189.1,24
cote-de-beaune,pinot-noir,2013,2013-09-30,193.3,13
cote-de-beaune,pinot-noir,2013,2013-10-03,193.0,3
cote-de-beaune,pinot-noir,2014,2014-08-13,123.5,4
cote-de-beaune,pinot-noir,2014,2014-08-18,146.0,4
cote-de-beaune,pinot-noir,2014,2014-08-21,156.8,4
cote-de-beaune,pinot-noir,2014,2014-08-25,162.0,12
cote-de-beaune,pinot-noir,2014,2014-08-28,167.9,20
cote-de-beaune,pinot-noir,2014,2014-09-01,174.3,22
cote-de-beaune,pinot-noir,2014,2014-09-04,183.3,30
cote-de-beaune,pinot-noir,2014,2014-09-08,194.2,30
cote-de-beaune,pinot-noir,2014,2014-09-11,196.8,19
cote-de-beaune,pinot-noir,2014,2014-09-15,213.0,1
cote-de-beaune,pinot-noir,2015,2015-08-10,158.0,1
cote-de-beaune,pinot-noir,2015,2015-08-17,165.5,14
cote-de-beaune,pinot-noir,2015,2015-08-20,177.7,15
cote-de-beaune,pinot-noir,2015,2015-08-24,194.3,23
cote-de-beaune,pinot-noir,2015,2015-08-27,200.4,29
cote-de-beaune,pinot-noir,2015,2015-08-31,219.0,24
cote-de-beaune,pinot-noir,2015,2015-09-03,218.0,3
cote-de-beaune,pinot-noir,2015,2015-09-07,215.0,1
cote-de-beaune,pinot-noir,2016,2016-08-25,149.0,1
cote-de-beaune,pinot-noir,2016,2016-08-29,165.0,1
cote-de-beaune,pinot-noir,2016,2016-09-01,174.0,2
cote-de-beaune,pinot-noir,2016,2016-09-05,175.3,6
cote-de-beaune,pinot-noir,2016,2016-09-08,173.1,13
cote-de-beaune,pinot-noir,2016,2016-09-12,190.3,18
cote-de-beaune,pinot-noir,2016,2016-09-15,193.6,11
cote-de-beaune,pinot-noir,2016,2016-09-19,191.8,16
cote-de-beaune,pinot-noir,2016,2016-09-22,196.5,8
cote-de-beaune,pinot-noir,2016,2016-09-26,213.5,2
cote-de-beaune,pinot-noir,2016,2016-09-29,222.0,1
cote-de-beaune,pinot-noir,2017,2017-08-07,136.0,4
cote-de-beaune,pinot-noir,2017,2017-08-10,149.2,4
cote-de-beaune,pinot-noir,2017,2017-08-14,164.0,4
cote-de-beaune,pinot-noir,2017,2017-08-17,166.0,10
cote-de-beaune,pinot-noir,2017,2017-08-21,179.5,22
cote-de-beaune,pinot-noir,2017,2017-08-24,192.1,25
cote-de-beaune,pinot-noir,2017,2017-08-28,201.4,26
cote-de-beaune,pinot-noir,2017,2017-08-31,202.0,18
cote-de-beaune,pinot-noir,2017,2017-09-04,207.2,17
cote-de-beaune,pinot-noir,2017,2017-09-07,214.2,5
cote-de-beaune,pinot-noir,2017,2017-09-11,211.0,1
cote-de-beaune,pinot-noir,2018,2018-08-02,148.2,4
cote-de-beaune,pinot-noir,2018,2018-08-06,160.8,4
cote-de-beaune,pinot-noir,2018,2018-08-09,175.8,5
cote-de-beaune,pinot-noir,2018,2018-08-13,185.6,7
cote-de-beaune,pinot-noir,2018,2018-08-16,183.5,12
cote-de-beaune,pinot-noir,2018,2018-08-20,190.7,21
cote-de-beaune,pinot-noir,2018,2018-08-23,205.1,24
cote-de-beaune,pinot-noir,2018,2018-08-27,209.4,25
cote-de-beaune,pinot-noir,2018,2018-08-30,213.1,21
cote-de-beaune,pinot-noir,2018,2018-09-03,212.5,6
cote-de-beaune,pinot-noir,2019,2019-08-13,140.3,3
cote-de-beaune,pinot-noir,2019,2019-08-19,164.2,4
cote-de-beaune,pinot-noir,2019,2019-08-22,180.2,5
cote-de-beaune,pinot-noir,2019,2019-08-26,186.6,20
cote-de-beaune,pinot-noir,2019,2019-08-29,195.2,24
cote-de-beaune,pinot-noir,2019,2019-09-02,204.6,28
cote-de-beaune,pinot-noir,2019,2019-09-05,214.0,27
cote-de-beaune,pinot-noir,2019,2019-09-09,218.5,24
cote-de-beaune,pinot-noir,2019,2019-09-12,222.2,5
cote-de-beaune,pinot-noir,2019,2019-09-16,238.0,1
cote-de-beaune,pinot-noir,2020,2020-07-27,142.8,4
cote-de-beaune,pinot-noir,2020,2020-07-30,154.8,4
cote-de-beaune,pinot-noir,2020,2020-08-03,171.0,4
cote-de-beaune,pinot-noir,2020,2020-08-06,180.8,8
cote-de-beaune,pinot-noir,2020,2020-08-10,199.2,9
cote-de-beaune,pinot-noir,2020,2020-08-13,211.5,20
cote-de-beaune,pinot-noir,2020,2020-08-17,210.4,27
cote-de-beaune,pinot-noir,2020,2020-08-20,216.8,20
cote-de-beaune,pinot-noir,2020,2020-08-24,217.0,9
cote-de-beaune,pinot-noir,2020,2020-08-27,230.0,5
cote-de-beaune,pinot-noir,2021,2021-08-23,146.0,2
cote-de-beaune,pinot-noir,2021,2021-08-26,162.0,2
cote-de-beaune,pinot-noir,2021,2021-08-30,166.3,10
cote-de-beaune,pinot-noir,2021,2021-09-02,178.5,13
cote-de-beaune,pinot-noir,2021,2021-09-06,192.2,19
cote-de-beaune,pinot-noir,2021,2021-09-09,198.2,20
cote-de-beaune,pinot-noir,2021,2021-09-13,200.7,22
cote-de-beaune,pinot-noir,2021,2021-09-16,200.4,17
cote-de-beaune,pinot-noir,2021,2021-09-20,195.8,4
cote-de-beaune,pinot-noir,2021,2021-09-23,207.0,1
cote-de-beaune,pinot-noir,2022,2022-07-28,123.0,4
cote-de-beaune,pinot-noir,2022,2022-08-01,138.0,4
cote-de-beaune,pinot-noir,2022,2022-08-04,148.5,4
cote-de-beaune,pinot-noir,2022,2022-08-08,169.8,5
cote-de-beaune,pinot-noir,2022,2022-08-11,182.5,6
cote-de-beaune,pinot-noir,2022,2022-08-16,187.7,13
cote-de-beaune,pinot-noir,2022,2022-08-18,189.0,21
cote-de-beaune,pinot-noir,2022,2022-08-22,196.0,26
cote-de-beaune,pinot-noir,2022,2022-08-25,205.6,25
cote-de-beaune,pinot-noir,2022,2022-08-29,213.6,8
cote-de-beaune,pinot-noir,2022,2022-09-01,232.0,2
cote-de-beaune,pinot-noir,2023,2023-08-10,147.2,4
cote-de-beaune,pinot-noir,2023,2023-08-14,151.0,4
cote-de-beaune,pinot-noir,2023,2023-08-17,159.5,6
cote-de-beaune,pinot-noir,2023,2023-08-21,171.9,16
cote-de-beaune,pinot-noir,2023,2023-08-24,186.8,22
cote-de-beaune,pinot-noir,2023,2023-08-28,185.6,27
cote-de-beaune,pinot-noir,2023,2023-08-31,188.1,28
cote-de-beaune,pinot-noir,2023,2023-09-04,200.3,21
cote-de-beaune,pinot-noir,2023,2023-09-07,216.8,4
cote-de-beaune,pinot-noir,2023,2023-09-11,230.0,1
cote-de-beaune,pinot-noir,2024,2024-08-19,138.4,5
cote-de-beaune,pinot-noir,2024,2024-08-22,149.6,8
cote-de-beaune,pinot-noir,2024,2024-08-26,161.2,8
cote-de-beaune,pinot-noir,2024,2024-08-29,170.9,13
cote-de-beaune,pinot-noir,2024,2024-09-02,184.4,25
cote-de-beaune,pinot-noir,2024,2024-09-05,185.7,21
cote-de-beaune,pinot-noir,2024,2024-09-09,187.6,25
cote-de-beaune,pinot-noir,2024,2024-09-12,190.6,19
cote-de-beaune,pinot-noir,2024,2024-09-16,201.2,14
cote-de-beaune,pinot-noir,2024,2024-09-19,209.0,2
cote-de-beaune,pinot-noir,2025,2025-08-04,143.2,5
cote-de-beaune,pinot-noir,2025,2025-08-07,159.6,5
cote-de-beaune,pinot-noir,2025,2025-08-11,184.2,5
cote-de-beaune,pinot-noir,2025,2025-08-14,200.0,11
cote-de-beaune,pinot-noir,2025,2025-08-18,206.5,21
cote-de-beaune,pinot-noir,2025,2025-08-21,202.1,23
cote-de-beaune,pinot-noir,2025,2025-08-25,208.2,20
cote-de-beaune,pinot-noir,2025,2025-08-28,202.0,9
cote-de-beaune,pinot-noir,2025,2025-09-01,207.0,4
cote-de-beaune,pinot-noir,2026,2026-07-27,155.0,1
cote-de-beaune,pinot-noir,2026,2026-07-30,177.0,1
cote-de-beaune,pinot-noir,2026,2026-08-03,195.4,5
cote-de-beaune,pinot-noir,2026,2026-08-06,205.0,6
cote-de-beaune,pinot-noir,2026,2026-08-10,215.0,18
cote-de-beaune,pinot-noir,2026,2026-08-13,225.8,15
cote-de-beaune,pinot-noir,2026,2026-08-17,239.2,19
cote-de-beaune,pinot-noir,2026,2026-08-20,246.4,5
cote-de-nuits,chardonnay,1998,1998-08-31,155.4,1
cote-de-nuits,chardonnay,1998,1998-09-03,144.5,1
cote-de-nuits,chardonnay,1998,1998-09-07,146.0,1
cote-de-nuits,chardonnay,1998,1998-09-14,161.0,1
cote-de-nuits,chardonnay,1998,1998-09-17,171.0,1
cote-de-nuits,chardonnay,1998,1998-09-21,184.0,1
cote-de-nuits,chardonnay,1999,1999-08-30,129.5,1
cote-de-nuits,chardonnay,1999,1999-09-02,146.4,1
cote-de-nuits,chardonnay,1999,1999-09-06,159.8,1
cote-de-nuits,chardonnay,1999,1999-09-09,159.8,1
cote-de-nuits,chardonnay,1999,1999-09-13,178.4,1
cote-de-nuits,chardonnay,1999,1999-09-16,181.8,1
cote-de-nuits,chardonnay,1999,1999-09-20,202.0,1
cote-de-nuits,chardonnay,2000,2000-08-24,121.0,1
cote-de-nuits,chardonnay,2000,2000-08-28,143.0,1
cote-de-nuits,chardonnay,2000,2000-08-31,151.0,1
cote-de-nuits,chardonnay,2000,2000-09-04,160.0,1
cote-de-nuits,chardonnay,2000,2000-09-07,165.0,1
cote-de-nuits,chardonnay,2000,2000-09-11,198.0,1
cote-de-nuits,chardonnay,2000,2000-09-14,185.0,1
cote-de-nuits,chardonnay,2001,2001-08-30,143.0,1
cote-de-nuits,chardonnay,2001,2001-09-03,146.0,1
cote-de-nuits,chardonnay,2001,2001-09-06,158.0,1
cote-de-nuits,chardonnay,2001,2001-09-17,168.0,1
cote-de-nuits,chardonnay,2001,2001-09-20,175.0,1
cote-de-nuits,chardonnay,2002,2002-09-05,170.0,1
cote-de-nuits,chardonnay,2003,2003-08-25,195.0,1
cote-de-nuits,chardonnay,2004,2004-09-06,145.0,1
cote-de-nuits,chardonnay,2004,2004-09-09,159.0,1
cote-de-nuits,chardonnay,2004,2004-09-13,167.0,1
cote-de-nuits,chardonnay,2004,2004-09-16,174.0,1
cote-de-nuits,chardonnay,2004,2004-09-20,186.0,1
cote-de-nuits,chardonnay,2004,2004-09-23,194.0,1
cote-de-nuits,chardonnay,2004,2004-09-27,195.0,1
cote-de-nuits,chardonnay,2004,2004-09-30,193.0,1
cote-de-nuits,chardonnay,2005,2005-09-01,178.0,1
cote-de-nuits,chardonnay,2005,2005-09-05,198.0,1
cote-de-nuits,chardonnay,2005,2005-09-08,198.0,1
cote-de-nuits,chardonnay,2005,2005-09-12,206.0,1
cote-de-nuits,chardonnay,2005,2005-09-15,205.0,1
cote-de-nuits,chardonnay,2005,2005-09-19,206.0,1
cote-de-nuits,chardonnay,2005,2005-09-22,213.0,1
cote-de-nuits,chardonnay,2006,2006-08-28,159.0,1
cote-de-nuits,chardonnay,2006,2006-08-31,164.0,1
cote-de-nuits,chardonnay,2006,2006-09-04,183.0,1
cote-de-nuits,chardonnay,2006,2006-09-07,195.0,1
cote-de-nuits,chardonnay,2006,2006-09-11,204.0,1
cote-de-nuits,chardonnay,2006,2006-09-14,209.0,1
cote-de-nuits,chardonnay,2006,2006-09-18,211.0,1
cote-de-nuits,chardonnay,2006,2006-09-21,216.0,1
cote-de-nuits,chardonnay,2006,2006-09-25,220.0,1
cote-de-nuits,chardonnay,2007,2007-08-27,181.0,1
cote-de-nuits,chardonnay,2007,2007-08-30,189.0,1
cote-de-nuits,chardonnay,2007,2007-09-03,195.0,1
cote-de-nuits,chardonnay,2007,2007-09-06,190.0,1
cote-de-nuits,chardonnay,2007,2007-09-10,201.0,1
cote-de-nuits,chardonnay,2008,2008-09-04,140.0,1
cote-de-nuits,chardonnay,2008,2008-09-08,142.0,1
cote-de-nuits,chardonnay,2008,2008-09-11,159.0,1
cote-de-nuits,chardonnay,2008,2008-09-18,177.0,1
cote-de-nuits,chardonnay,2008,2008-09-22,187.0,1
cote-de-nuits,chardonnay,2008,2008-09-30,195.0,1
cote-de-nuits,chardonnay,2009,2009-08-31,195.0,1
cote-de-nuits,chardonnay,2009,2009-09-03,200.0,1
cote-de-nuits,chardonnay,2009,2009-09-07,209.0,1
cote-de-nuits,chardonnay,2009,2009-09-10,215.0,1
cote-de-nuits,chardonnay,2010,2010-08-30,137.0,1
cote-de-nuits,chardonnay,2010,2010-09-02,156.0,1
cote-de-nuits,chardonnay,2010,2010-09-06,177.0,1
cote-de-nuits,chardonnay,2010,2010-09-09,171.0,1
cote-de-nuits,chardonnay,2010,2010-09-13,185.0,1
cote-de-nuits,chardonnay,2010,2010-09-16,189.0,1
cote-de-nuits,chardonnay,2010,2010-09-20,200.0,1
cote-de-nuits,chardonnay,2010,2010-09-23,206.0,1
cote-de-nuits,chardonnay,2011,2011-08-29,183.0,1
cote-de-nuits,chardonnay,2011,2011-09-01,194.0,1
cote-de-nuits,chardonnay,2011,2011-09-05,191.0,1
cote-de-nuits,chardonnay,2012,2012-09-03,158.0,1
cote-de-nuits,chardonnay,2012,2012-09-06,167.0,1
cote-de-nuits,chardonnay,2012,2012-09-10,193.0,1
cote-de-nuits,chardonnay,2012,2012-09-13,194.0,1
cote-de-nuits,chardonnay,2012,2012-09-20,217.0,1
cote-de-nuits,chardonnay,2012,2012-09-24,211.0,1
cote-de-nuits,chardonnay,2013,2013-09-02,125.0,1
cote-de-nuits,chardonnay,2013,2013-09-05,141.0,1
cote-de-nuits,chardonnay,2013,2013-09-09,148.0,1
cote-de-nuits,chardonnay,2013,2013-09-12,163.0,1
cote-de-nuits,chardonnay,2013,2013-09-16,163.0,1
cote-de-nuits,chardonnay,2013,2013-09-19,169.0,1
cote-de-nuits,chardonnay,2013,2013-09-26,197.0,1
cote-de-nuits,chardonnay,2013,2013-09-30,198.0,1
cote-de-nuits,chardonnay,2013,2013-10-03,205.0,1
cote-de-nuits,chardonnay,2013,2013-10-07,202.0,1
cote-de-nuits,chardonnay,2014,2014-09-01,163.0,1
cote-de-nuits,chardonnay,2014,2014-09-04,165.0,1
cote-de-nuits,chardonnay,2014,2014-09-08,177.0,1
cote-de-nuits,chardonnay,2014,2014-09-11,185.0,1
cote-de-nuits,chardonnay,2014,2014-09-15,195.0,1
cote-de-nuits,chardonnay,2014,2014-09-18,200.0,1
cote-de-nuits,chardonnay,2015,2015-08-24,186.0,1
cote-de-nuits,chardonnay,2015,2015-08-27,197.0,1
cote-de-nuits,chardonnay,2015,2015-08-31,214.0,1
cote-de-nuits,chardonnay,2015,2015-09-03,218.0,1
cote-de-nuits,chardonnay,2015,2015-09-07,229.0,1
cote-de-nuits,chardonnay,2016,2016-09-08,155.0,1
cote-de-nuits,chardonnay,2016,2016-09-12,181.0,1
cote-de-nuits,chardonnay,2016,2016-09-19,194.0,1
cote-de-nuits,chardonnay,2016,2016-09-26,209.0,1
cote-de-nuits,chardonnay,2017,2017-08-28,189.0,1
cote-de-nuits,chardonnay,2017,2017-08-31,196.0,1
cote-de-nuits,chardonnay,2017,2017-09-07,214.0,1
cote-de-nuits,chardonnay,2018,2018-08-27,192.0,1
cote-de-nuits,chardonnay,2018,2018-08-30,196.0,1
cote-de-nuits,chardonnay,2018,2018-09-03,203.0,1
cote-de-nuits,chardonnay,2018,2018-09-06,220.0,1
cote-de-nuits,chardonnay,2019,2019-09-02,192.0,1
cote-de-nuits,chardonnay,2019,2019-09-05,204.0,1
cote-de-nuits,chardonnay,2019,2019-09-09,213.0,1
cote-de-nuits,chardonnay,2019,2019-09-12,226.0,1
cote-de-nuits,chardonnay,2019,2019-09-16,227.0,1
cote-de-nuits,chardonnay,2020,2020-08-24,206.0,1
cote-de-nuits,chardonnay,2021,2021-08-30,123.0,1
cote-de-nuits,chardonnay,2021,2021-09-02,136.0,1
cote-de-nuits,chardonnay,2021,2021-09-06,165.0,1
cote-de-nuits,chardonnay,2021,2021-09-20,196.0,1
cote-de-nuits,chardonnay,2021,2021-09-23,203.0,1
cote-de-nuits,chardonnay,2023,2023-08-28,191.0,1
cote-de-nuits,chardonnay,2023,2023-08-31,191.0,1
cote-de-nuits,chardonnay,2023,2023-09-04,213.0,1
cote-de-nuits,chardonnay,2023,2023-09-07,216.0,1
cote-de-nuits,chardonnay,2023,2023-09-11,232.0,1
cote-de-nuits,chardonnay,2023,2023-09-14,232.0,1
cote-de-nuits,chardonnay,2024,2024-08-26,116.0,1
cote-de-nuits,chardonnay,2024,2024-08-29,134.0,1
cote-de-nuits,chardonnay,2024,2024-09-02,151.0,1
cote-de-nuits,chardonnay,2024,2024-09-05,157.0,1
cote-de-nuits,chardonnay,2024,2024-09-09,172.0,1
cote-de-nuits,chardonnay,2024,2024-09-12,174.0,1
cote-de-nuits,chardonnay,2024,2024-09-16,190.0,1
cote-de-nuits,chardonnay,2024,2024-09-19,193.0,1
cote-de-nuits,chardonnay,2025,2025-08-25,207.0,1
cote-de-nuits,chardonnay,2025,2025-08-28,200.0,1
cote-de-nuits,chardonnay,2025,2025-09-01,196.0,1
cote-de-nuits,pinot-noir,1988,1988-08-22,119.5,3
cote-de-nuits,pinot-noir,1988,1988-08-25,133.0,3
cote-de-nuits,pinot-noir,1988,1988-08-29,148.3,3
cote-de-nuits,pinot-noir,1988,1988-09-01,152.0,3
cote-de-nuits,pinot-noir,1988,1988-09-05,157.2,3
cote-de-nuits,pinot-noir,1988,1988-09-08,168.0,3
cote-de-nuits,pinot-noir,1988,1988-09-12,176.0,3
cote-de-nuits,pinot-noir,1988,1988-09-15,180.0,3
cote-de-nuits,pinot-noir,1988,1988-09-19,189.3,3
cote-de-nuits,pinot-noir,1988,1988-09-22,193.7,3
cote-de-nuits,pinot-noir,1988,1988-09-26,197.0,1
cote-de-nuits,pinot-noir,1989,1989-08-21,142.3,3
cote-de-nuits,pinot-noir,1989,1989-08-24,160.7,3
cote-de-nuits,pinot-noir,1989,1989-08-28,169.3,3
cote-de-nuits,pinot-noir,1989,1989-08-31,176.0,3
cote-de-nuits,pinot-noir,1989,1989-09-04,182.3,3
cote-de-nuits,pinot-noir,1989,1989-09-07,187.7,3
cote-de-nuits,pinot-noir,1989,1989-09-11,192.0,3
cote-de-nuits,pinot-noir,1989,1989-09-14,196.7,3
cote-de-nuits,pinot-noir,1990,1990-08-20,115.0,3
cote-de-nuits,pinot-noir,1990,1990-08-23,133.0,3
cote-de-nuits,pinot-noir,1990,1990-08-27,142.3,3
cote-de-nuits,pinot-noir,1990,1990-08-30,147.7,3
cote-de-nuits,pinot-noir,1990,1990-09-03,159.7,3
cote-de-nuits,pinot-noir,1990,1990-09-06,164.7,3
cote-de-nuits,pinot-noir,1990,1990-09-10,177.3,3
cote-de-nuits,pinot-noir,1990,1990-09-13,190.0,3
cote-de-nuits,pinot-noir,1990,1990-09-17,194.7,3
cote-de-nuits,pinot-noir,1990,1990-09-20,219.0,2
cote-de-nuits,pinot-noir,1991,1991-08-19,150.0,3
cote-de-nuits,pinot-noir,1991,1991-08-22,159.0,3
cote-de-nuits,pinot-noir,1991,1991-08-26,173.0,3
cote-de-nuits,pinot-noir,1991,1991-08-29,182.7,3
cote-de-nuits,pinot-noir,1991,1991-09-02,188.7,3
cote-de-nuits,pinot-noir,1991,1991-09-05,200.7,3
cote-de-nuits,pinot-noir,1991,1991-09-09,206.3,3
cote-de-nuits,pinot-noir,1991,1991-09-12,200.7,3
cote-de-nuits,pinot-noir,1991,1991-09-16,193.3,3
cote-de-nuits,pinot-noir,1992,1992-08-17,129.6,3
cote-de-nuits,pinot-noir,1992,1992-08-20,147.3,3
cote-de-nuits,pinot-noir,1992,1992-08-24,146.8,3
cote-de-nuits,pinot-noir,1992,1992-08-27,158.8,3
cote-de-nuits,pinot-noir,1992,1992-08-31,167.9,3
cote-de-nuits,pinot-noir,1992,1992-09-03,166.4,3
cote-de-nuits,pinot-noir,1992,1992-09-10,169.8,3
cote-de-nuits,pinot-noir,1992,1992-09-14,174.3,6
cote-de-nuits,pinot-noir,1992,1992-09-17,180.9,3
cote-de-nuits,pinot-noir,1992,1992-09-21,210.2,2
cote-de-nuits,pinot-noir,1993,1993-08-23,158.0,3
cote-de-nuits,pinot-noir,1993,1993-08-26,167.0,3
cote-de-nuits,pinot-noir,1993,1993-08-30,178.0,3
cote-de-nuits,pinot-noir,1993,1993-09-02,181.0,3
cote-de-nuits,pinot-noir,1993,1993-09-06,185.8,3
cote-de-nuits,pinot-noir,1993,1993-09-09,185.3,3
cote-de-nuits,pinot-noir,1993,1993-09-13,188.7,3
cote-de-nuits,pinot-noir,1993,1993-09-16,195.3,3
cote-de-nuits,pinot-noir,1993,1993-09-20,180.0,2
cote-de-nuits,pinot-noir,1993,1993-09-23,206.5,2
cote-de-nuits,pinot-noir,1994,1994-08-22,125.3,2
cote-de-nuits,pinot-noir,1994,1994-08-25,147.9,3
cote-de-nuits,pinot-noir,1994,1994-08-29,140.6,3
cote-de-nuits,pinot-noir,1994,1994-09-01,159.0,3
cote-de-nuits,pinot-noir,1994,1994-09-05,167.3,3
cote-de-nuits,pinot-noir,1994,1994-09-08,167.3,3
cote-de-nuits,pinot-noir,1994,1994-09-12,174.0,3
cote-de-nuits,pinot-noir,1994,1994-09-15,184.5,2
cote-de-nuits,pinot-noir,1994,1994-09-19,170.0,3
cote-de-nuits,pinot-noir,1994,1994-09-22,171.0,3
cote-de-nuits,pinot-noir,1994,1994-09-26,169.5,2
cote-de-nuits,pinot-noir,1995,1995-08-28,154.0,2
cote-de-nuits,pinot-noir,1995,1995-08-31,163.5,2
cote-de-nuits,pinot-noir,1995,1995-09-04,156.5,2
cote-de-nuits,pinot-noir,1995,1995-09-07,169.0,2
cote-de-nuits,pinot-noir,1995,1995-09-11,182.0,2
cote-de-nuits,pinot-noir,1995,1995-09-14,190.0,2
cote-de-nuits,pinot-noir,1995,1995-09-18,172.5,2
cote-de-nuits,pinot-noir,1995,1995-09-21,171.0,2
cote-de-nuits,pinot-noir,1995,1995-09-25,173.5,2
cote-de-nuits,pinot-noir,1995,1995-09-28,171.0,1
cote-de-nuits,pinot-noir,1996,1996-08-26,123.7,3
cote-de-nuits,pinot-noir,1996,1996-08-29,131.3,3
cote-de-nuits,pinot-noir,1996,1996-09-02,153.5,3
cote-de-nuits,pinot-noir,1996,1996-09-05,152.5,3
cote-de-nuits,pinot-noir,1996,1996-09-09,184.8,3
cote-de-nuits,pinot-noir,1996,1996-09-12,177.5,3
cote-de-nuits,pinot-noir,1996,1996-09-16,181.8,3
cote-de-nuits,pinot-noir,1996,1996-09-19,188.2,3
cote-de-nuits,pinot-noir,1996,1996-09-23,199.3,3
cote-de-nuits,pinot-noir,1996,1996-09-26,191.2,2
cote-de-nuits,pinot-noir,1996,1996-09-30,181.0,1
cote-de-nuits,pinot-noir,1997,1997-08-21,151.7,3
cote-de-nuits,pinot-noir,1997,1997-08-25,158.5,3
cote-de-nuits,pinot-noir,1997,1997-08-28,154.7,3
cote-de-nuits,pinot-noir,1997,1997-09-01,171.7,3
cote-de-nuits,pinot-noir,1997,1997-09-04,166.8,3
cote-de-nuits,pinot-noir,1997,1997-09-08,175.8,3
cote-de-nuits,pinot-noir,1997,1997-09-11,186.3,3
cote-de-nuits,pinot-noir,1997,1997-09-15,192.7,3
cote-de-nuits,pinot-noir,1997,1997-09-18,200.5,3
cote-de-nuits,pinot-noir,1998,1998-08-20,137.6,3
cote-de-nuits,pinot-noir,1998,1998-08-24,150.5,5
cote-de-nuits,pinot-noir,1998,1998-08-27,158.5,6
cote-de-nuits,pinot-noir,1998,1998-08-31,166.3,11
cote-de-nuits,pinot-noir,1998,1998-09-03,168.9,11
cote-de-nuits,pinot-noir,1998,1998-09-07,166.2,11
cote-de-nuits,pinot-noir,1998,1998-09-10,178.1,11
cote-de-nuits,pinot-noir,1998,1998-09-14,180.6,7
cote-de-nuits,pinot-noir,1998,1998-09-17,183.2,7
cote-de-nuits,pinot-noir,1998,1998-09-21,193.9,4
cote-de-nuits,pinot-noir,1998,1998-09-24,212.9,1
cote-de-nuits,pinot-noir,1999,1999-08-26,142.8,9
cote-de-nuits,pinot-noir,1999,1999-08-30,149.1,10
cote-de-nuits,pinot-noir,1999,1999-09-02,162.9,10
cote-de-nuits,pinot-noir,1999,1999-09-06,173.8,10
cote-de-nuits,pinot-noir,1999,1999-09-09,180.8,10
cote-de-nuits,pinot-noir,1999,1999-09-13,194.7,11
cote-de-nuits,pinot-noir,1999,1999-09-16,200.5,10
cote-de-nuits,pinot-noir,1999,1999-09-20,205.7,3
cote-de-nuits,pinot-noir,1999,1999-09-23,206.0,1
cote-de-nuits,pinot-noir,2000,2000-08-21,154.9,3
cote-de-nuits,pinot-noir,2000,2000-08-24,153.2,11
cote-de-nuits,pinot-noir,2000,2000-08-28,161.5,9
cote-de-nuits,pinot-noir,2000,2000-08-31,171.3,11
cote-de-nuits,pinot-noir,2000,2000-09-04,178.4,11
cote-de-nuits,pinot-noir,2000,2000-09-07,187.8,11
cote-de-nuits,pinot-noir,2000,2000-09-11,204.6,11
cote-de-nuits,pinot-noir,2000,2000-09-14,203.1,7
cote-de-nuits,pinot-noir,2000,2000-09-18,218.2,2
cote-de-nuits,pinot-noir,2000,2000-09-21,213.3,1
cote-de-nuits,pinot-noir,2001,2001-08-27,147.5,7
cote-de-nuits,pinot-noir,2001,2001-08-30,153.1,11
cote-de-nuits,pinot-noir,2001,2001-09-03,161.4,11
cote-de-nuits,pinot-noir,2001,2001-09-06,167.4,11
cote-de-nuits,pinot-noir,2001,2001-09-10,177.5,10
cote-de-nuits,pinot-noir,2001,2001-09-13,185.5,10
cote-de-nuits,pinot-noir,2001,2001-09-17,187.1,11
cote-de-nuits,pinot-noir,2001,2001-09-20,183.4,8
cote-de-nuits,pinot-noir,2001,2001-09-24,199.7,2
cote-de-nuits,pinot-noir,2001,2001-09-27,201.5,2
cote-de-nuits,pinot-noir,2002,2002-08-22,151.7,7
cote-de-nuits,pinot-noir,2002,2002-08-26,161.8,7
cote-de-nuits,pinot-noir,2002,2002-08-29,158.0,9
cote-de-nuits,pinot-noir,2002,2002-09-02,168.1,10
cote-de-nuits,pinot-noir,2002,2002-09-05,173.7,11
cote-de-nuits,pinot-noir,2002,2002-09-09,182.2,9
cote-de-nuits,pinot-noir,2002,2002-09-12,194.3,10
cote-de-nuits,pinot-noir,2002,2002-09-16,210.8,9
cote-de-nuits,pinot-noir,2002,2002-09-19,221.6,3
cote-de-nuits,pinot-noir,2003,2003-08-13,206.6,3
cote-de-nuits,pinot-noir,2003,2003-08-18,197.5,7
cote-de-nuits,pinot-noir,2003,2003-08-21,206.5,6
cote-de-nuits,pinot-noir,2003,2003-08-25,216.3,4
cote-de-nuits,pinot-noir,2003,2003-08-28,235.8,3
cote-de-nuits,pinot-noir,2003,2003-09-01,220.0,2
cote-de-nuits,pinot-noir,2003,2003-09-04,221.2,1
cote-de-nuits,pinot-noir,2004,2004-08-19,135.0,1
cote-de-nuits,pinot-noir,2004,2004-08-23,123.0,3
cote-de-nuits,pinot-noir,2004,2004-08-26,132.5,3
cote-de-nuits,pinot-noir,2004,2004-08-30,140.9,3
cote-de-nuits,pinot-noir,2004,2004-09-02,148.6,6
cote-de-nuits,pinot-noir,2004,2004-09-06,165.4,8
cote-de-nuits,pinot-noir,2004,2004-09-09,178.7,10
cote-de-nuits,pinot-noir,2004,2004-09-13,183.0,11
cote-de-nuits,pinot-noir,2004,2004-09-16,191.0,12
cote-de-nuits,pinot-noir,2004,2004-09-20,199.4,12
cote-de-nuits,pinot-noir,2004,2004-09-23,210.2,11
cote-de-nuits,pinot-noir,2004,2004-09-27,213.7,2
cote-de-nuits,pinot-noir,2004,2004-09-30,215.2,1
cote-de-nuits,pinot-noir,2005,2005-08-18,169.8,3
cote-de-nuits,pinot-noir,2005,2005-08-22,176.3,3
cote-de-nuits,pinot-noir,2005,2005-08-25,181.9,3
cote-de-nuits,pinot-noir,2005,2005-08-29,190.9,3
cote-de-nuits,pinot-noir,2005,2005-09-01,193.5,12
cote-de-nuits,pinot-noir,2005,2005-09-05,206.7,12
cote-de-nuits,pinot-noir,2005,2005-09-08,201.5,12
cote-de-nuits,pinot-noir,2005,2005-09-12,199.2,12
cote-de-nuits,pinot-noir,2005,2005-09-15,203.8,11
cote-de-nuits,pinot-noir,2005,2005-09-19,210.7,6
cote-de-nuits,pinot-noir,2005,2005-09-22,226.1,1
cote-de-nuits,pinot-noir,2006,2006-08-17,137.0,3
cote-de-nuits,pinot-noir,2006,2006-08-21,148.9,3
cote-de-nuits,pinot-noir,2006,2006-08-24,163.7,3
cote-de-nuits,pinot-noir,2006,2006-08-28,169.5,4
cote-de-nuits,pinot-noir,2006,2006-08-31,170.6,8
cote-de-nuits,pinot-noir,2006,2006-09-04,184.4,8
cote-de-nuits,pinot-noir,2006,2006-09-07,191.2,12
cote-de-nuits,pinot-noir,2006,2006-09-11,204.5,12
cote-de-nuits,pinot-noir,2006,2006-09-14,210.9,12
cote-de-nuits,pinot-noir,2006,2006-09-18,214.1,12
cote-de-nuits,pinot-noir,2006,2006-09-21,218.3,11
cote-de-nuits,pinot-noir,2006,2006-09-25,215.0,3
cote-de-nuits,pinot-noir,2007,2007-08-02,152.1,3
cote-de-nuits,pinot-noir,2007,2007-08-06,156.3,7
cote-de-nuits,pinot-noir,2007,2007-08-09,159.1,7
cote-de-nuits,pinot-noir,2007,2007-08-13,165.4,7
cote-de-nuits,pinot-noir,2007,2007-08-16,166.1,8
cote-de-nuits,pinot-noir,2007,2007-08-20,174.1,8
cote-de-nuits,pinot-noir,2007,2007-08-23,176.3,11
cote-de-nuits,pinot-noir,2007,2007-08-27,190.9,11
cote-de-nuits,pinot-noir,2007,2007-08-30,195.8,13
cote-de-nuits,pinot-noir,2007,2007-09-03,203.5,4
cote-de-nuits,pinot-noir,2007,2007-09-06,210.6,3
cote-de-nuits,pinot-noir,2007,2007-09-10,204.9,2
cote-de-nuits,pinot-noir,2008,2008-08-21,133.9,3
cote-de-nuits,pinot-noir,2008,2008-08-25,142.0,3
cote-de-nuits,pinot-noir,2008,2008-08-28,153.4,3
cote-de-nuits,pinot-noir,2008,2008-09-01,173.6,3
cote-de-nuits,pinot-noir,2008,2008-09-04,156.8,13
cote-de-nuits,pinot-noir,2008,2008-09-08,160.2,13
cote-de-nuits,pinot-noir,2008,2008-09-11,163.7,13
cote-de-nuits,pinot-noir,2008,2008-09-15,173.8,12
cote-de-nuits,pinot-noir,2008,2008-09-18,179.2,13
cote-de-nuits,pinot-noir,2008,2008-09-22,190.0,13
cote-de-nuits,pinot-noir,2008,2008-09-25,197.1,6
cote-de-nuits,pinot-noir,2008,2008-09-29,205.1,2
cote-de-nuits,pinot-noir,2009,2009-08-17,158.0,3
cote-de-nuits,pinot-noir,2009,2009-08-20,172.3,3
cote-de-nuits,pinot-noir,2009,2009-08-24,179.8,12
cote-de-nuits,pinot-noir,2009,2009-08-27,185.8,12
cote-de-nuits,pinot-noir,2009,2009-08-31,196.8,13
cote-de-nuits,pinot-noir,2009,2009-09-03,203.2,13
cote-de-nuits,pinot-noir,2009,2009-09-07,210.8,12
cote-de-nuits,pinot-noir,2009,2009-09-10,220.7,6
cote-de-nuits,pinot-noir,2009,2009-09-14,227.0,2
cote-de-nuits,pinot-noir,2010,2010-08-23,141.4,3
cote-de-nuits,pinot-noir,2010,2010-08-26,149.3,3
cote-de-nuits,pinot-noir,2010,2010-08-30,162.6,5
cote-de-nuits,pinot-noir,2010,2010-09-02,171.7,6
cote-de-nuits,pinot-noir,2010,2010-09-06,186.1,8
cote-de-nuits,pinot-noir,2010,2010-09-09,188.2,12
cote-de-nuits,pinot-noir,2010,2010-09-13,195.8,12
cote-de-nuits,pinot-noir,2010,2010-09-16,197.6,11
cote-de-nuits,pinot-noir,2010,2010-09-20,206.7,11
cote-de-nuits,pinot-noir,2010,2010-09-23,215.1,7
cote-de-nuits,pinot-noir,2010,2010-09-27,210.5,2
cote-de-nuits,pinot-noir,2011,2011-08-01,113.5,2
cote-de-nuits,pinot-noir,2011,2011-08-04,136.3,3
cote-de-nuits,pinot-noir,2011,2011-08-08,141.4,7
cote-de-nuits,pinot-noir,2011,2011-08-11,150.6,9
cote-de-nuits,pinot-noir,2011,2011-08-16,163.9,11
cote-de-nuits,pinot-noir,2011,2011-08-18,163.0,10
cote-de-nuits,pinot-noir,2011,2011-08-22,174.9,15
cote-de-nuits,pinot-noir,2011,2011-08-25,186.9,12
cote-de-nuits,pinot-noir,2011,2011-08-29,189.0,12
cote-de-nuits,pinot-noir,2011,2011-09-01,190.5,11
cote-de-nuits,pinot-noir,2011,2011-09-05,192.5,2
cote-de-nuits,pinot-noir,2012,2012-08-20,142.0,2
cote-de-nuits,pinot-noir,2012,2012-08-23,153.5,2
cote-de-nuits,pinot-noir,2012,2012-08-27,163.5,2
cote-de-nuits,pinot-noir,2012,2012-08-30,173.0,2
cote-de-nuits,pinot-noir,2012,2012-09-03,172.8,9
cote-de-nuits,pinot-noir,2012,2012-09-06,184.2,13
cote-de-nuits,pinot-noir,2012,2012-09-10,199.2,13
cote-de-nuits,pinot-noir,2012,2012-09-13,202.0,9
cote-de-nuits,pinot-noir,2012,2012-09-17,211.6,11
cote-de-nuits,pinot-noir,2012,2012-09-20,215.3,10
cote-de-nuits,pinot-noir,2012,2012-09-24,212.0,2
cote-de-nuits,pinot-noir,2013,2013-09-02,145.5,4
cote-de-nuits,pinot-noir,2013,2013-09-05,166.5,4
cote-de-nuits,pinot-noir,2013,2013-09-09,160.4,9
cote-de-nuits,pinot-noir,2013,2013-09-12,168.0,14
cote-de-nuits,pinot-noir,2013,2013-09-16,172.6,14
cote-de-nuits,pinot-noir,2013,2013-09-19,180.3,14
cote-de-nuits,pinot-noir,2013,2013-09-23,194.8,12
cote-de-nuits,pinot-noir,2013,2013-09-26,196.8,14
cote-de-nuits,pinot-noir,2013,2013-09-30,198.4,11
cote-de-nuits,pinot-noir,2013,2013-10-03,201.6,11
cote-de-nuits,pinot-noir,2013,2013-10-07,193.5,2
cote-de-nuits,pinot-noir,2014,2014-08-13,127.5,2
cote-de-nuits,pinot-noir,2014,2014-08-18,141.3,3
cote-de-nuits,pinot-noir,2014,2014-08-21,153.1,7
cote-de-nuits,pinot-noir,2014,2014-08-25,166.5,8
cote-de-nuits,pinot-noir,2014,2014-08-28,167.1,8
cote-de-nuits,pinot-noir,2014,2014-09-01,174.3,12
cote-de-nuits,pinot-noir,2014,2014-09-04,184.8,13
cote-de-nuits,pinot-noir,2014,2014-09-08,197.8,12
cote-de-nuits,pinot-noir,2014,2014-09-11,200.8,13
cote-de-nuits,pinot-noir,2014,2014-09-15,207.8,4
cote-de-nuits,pinot-noir,2014,2014-09-18,205.5,2
cote-de-nuits,pinot-noir,2015,2015-08-17,164.7,7
cote-de-nuits,pinot-noir,2015,2015-08-20,177.1,9
cote-de-nuits,pinot-noir,2015,2015-08-24,186.3,11
cote-de-nuits,pinot-noir,2015,2015-08-27,199.8,13
cote-de-nuits,pinot-noir,2015,2015-08-31,217.3,13
cote-de-nuits,pinot-noir,2015,2015-09-03,219.9,12
cote-de-nuits,pinot-noir,2015,2015-09-07,219.4,5
cote-de-nuits,pinot-noir,2015,2015-09-10,225.4,5
cote-de-nuits,pinot-noir,2016,2016-08-25,149.0,2
cote-de-nuits,pinot-noir,2016,2016-08-29,177.0,2
cote-de-nuits,pinot-noir,2016,2016-09-01,187.5,2
cote-de-nuits,pinot-noir,2016,2016-09-05,190.5,2
cote-de-nuits,pinot-noir,2016,2016-09-08,174.4,9
cote-de-nuits,pinot-noir,2016,2016-09-12,188.8,8
cote-de-nuits,pinot-noir,2016,2016-09-15,201.3,6
cote-de-nuits,pinot-noir,2016,2016-09-19,196.4,10
cote-de-nuits,pinot-noir,2016,2016-09-22,209.0,6
cote-de-nuits,pinot-noir,2016,2016-09-26,216.0,2
cote-de-nuits,pinot-noir,2017,2017-08-07,134.3,3
cote-de-nuits,pinot-noir,2017,2017-08-10,140.0,3
cote-de-nuits,pinot-noir,2017,2017-08-14,169.3,3
cote-de-nuits,pinot-noir,2017,2017-08-17,171.3,3
cote-de-nuits,pinot-noir,2017,2017-08-21,180.4,9
cote-de-nuits,pinot-noir,2017,2017-08-24,194.2,10
cote-de-nuits,pinot-noir,2017,2017-08-28,199.4,12
cote-de-nuits,pinot-noir,2017,2017-08-31,204.8,12
cote-de-nuits,pinot-noir,2017,2017-09-04,209.8,10
cote-de-nuits,pinot-noir,2017,2017-09-07,208.6,7
cote-de-nuits,pinot-noir,2017,2017-09-11,207.3,3
cote-de-nuits,pinot-noir,2018,2018-08-02,131.7,3
cote-de-nuits,pinot-noir,2018,2018-08-06,161.0,2
cote-de-nuits,pinot-noir,2018,2018-08-09,164.3,3
cote-de-nuits,pinot-noir,2018,2018-08-13,175.3,3
cote-de-nuits,pinot-noir,2018,2018-08-16,184.3,6
cote-de-nuits,pinot-noir,2018,2018-08-20,188.2,10
cote-de-nuits,pinot-noir,2018,2018-08-23,200.2,10
cote-de-nuits,pinot-noir,2018,2018-08-27,204.2,11
cote-de-nuits,pinot-noir,2018,2018-08-30,210.8,11
cote-de-nuits,pinot-noir,2018,2018-09-03,217.1,9
cote-de-nuits,pinot-noir,2018,2018-09-06,227.0,4
cote-de-nuits,pinot-noir,2019,2019-08-13,139.0,2
cote-de-nuits,pinot-noir,2019,2019-08-19,161.0,3
cote-de-nuits,pinot-noir,2019,2019-08-22,165.1,7
cote-de-nuits,pinot-noir,2019,2019-08-26,180.4,9
cote-de-nuits,pinot-noir,2019,2019-08-29,192.1,10
cote-de-nuits,pinot-noir,2019,2019-09-02,201.0,12
cote-de-nuits,pinot-noir,2019,2019-09-05,211.5,12
cote-de-nuits,pinot-noir,2019,2019-09-09,213.7,12
cote-de-nuits,pinot-noir,2019,2019-09-12,225.2,9
cote-de-nuits,pinot-noir,2019,2019-09-16,230.0,4
cote-de-nuits,pinot-noir,2020,2020-07-27,136.0,1
cote-de-nuits,pinot-noir,2020,2020-07-30,149.7,3
cote-de-nuits,pinot-noir,2020,2020-08-03,168.3,3
cote-de-nuits,pinot-noir,2020,2020-08-06,176.7,3
cote-de-nuits,pinot-noir,2020,2020-08-10,195.7,7
cote-de-nuits,pinot-noir,2020,2020-08-13,207.3,9
cote-de-nuits,pinot-noir,2020,2020-08-17,210.5,10
cote-de-nuits,pinot-noir,2020,2020-08-20,217.4,9
cote-de-nuits,pinot-noir,2020,2020-08-24,224.6,10
cote-de-nuits,pinot-noir,2020,2020-08-27,244.3,3
cote-de-nuits,pinot-noir,2021,2021-08-23,150.0,3
cote-de-nuits,pinot-noir,2021,2021-08-26,151.0,4
cote-de-nuits,pinot-noir,2021,2021-08-30,167.2,9
cote-de-nuits,pinot-noir,2021,2021-09-02,174.5,6
cote-de-nuits,pinot-noir,2021,2021-09-06,188.8,12
cote-de-nuits,pinot-noir,2021,2021-09-09,197.3,6
cote-de-nuits,pinot-noir,2021,2021-09-13,203.4,10
cote-de-nuits,pinot-noir,2021,2021-09-16,206.2,6
cote-de-nuits,pinot-noir,2021,2021-09-20,205.2,5
cote-de-nuits,pinot-noir,2021,2021-09-23,199.0,1
cote-de-nuits,pinot-noir,2022,2022-07-28,129.0,1
cote-de-nuits,pinot-noir,2022,2022-08-01,137.0,3
cote-de-nuits,pinot-noir,2022,2022-08-04,149.0,3
cote-de-nuits,pinot-noir,2022,2022-08-08,164.7,3
cote-de-nuits,pinot-noir,2022,2022-08-11,180.2,4
cote-de-nuits,pinot-noir,2022,2022-08-16,186.0,6
cote-de-nuits,pinot-noir,2022,2022-08-18,185.8,9
cote-de-nuits,pinot-noir,2022,2022-08-22,195.9,10
cote-de-nuits,pinot-noir,2022,2022-08-25,208.5,10
cote-de-nuits,pinot-noir,2022,2022-08-29,216.0,9
cote-de-nuits,pinot-noir,2022,2022-09-01,219.7,7
cote-de-nuits,pinot-noir,2023,2023-08-10,137.7,3
cote-de-nuits,pinot-noir,2023,2023-08-14,141.3,3
cote-de-nuits,pinot-noir,2023,2023-08-17,145.7,3
cote-de-nuits,pinot-noir,2023,2023-08-21,164.7,10
cote-de-nuits,pinot-noir,2023,2023-08-24,181.4,10
cote-de-nuits,pinot-noir,2023,2023-08-28,185.2,12
cote-de-nuits,pinot-noir,2023,2023-08-31,185.6,12
cote-de-nuits,pinot-noir,2023,2023-09-04,198.7,12
cote-de-nuits,pinot-noir,2023,2023-09-07,214.7,10
cote-de-nuits,pinot-noir,2023,2023-09-11,236.2,5
cote-de-nuits,pinot-noir,2023,2023-09-14,210.0,1
cote-de-nuits,pinot-noir,2024,2024-08-19,139.5,2
cote-de-nuits,pinot-noir,2024,2024-08-22,157.0,2
cote-de-nuits,pinot-noir,2024,2024-08-26,150.6,8
cote-de-nuits,pinot-noir,2024,2024-08-29,160.2,4
cote-de-nuits,pinot-noir,2024,2024-09-02,176.7,10
cote-de-nuits,pinot-noir,2024,2024-09-05,174.8,6
cote-de-nuits,pinot-noir,2024,2024-09-09,183.2,10
cote-de-nuits,pinot-noir,2024,2024-09-12,186.3,6
cote-de-nuits,pinot-noir,2024,2024-09-16,201.0,6
cote-de-nuits,pinot-noir,2024,2024-09-19,204.4,5
cote-de-nuits,pinot-noir,2025,2025-08-04,114.7,3
cote-de-nuits,pinot-noir,2025,2025-08-07,137.0,3
cote-de-nuits,pinot-noir,2025,2025-08-11,174.0,3
cote-de-nuits,pinot-noir,2025,2025-08-14,196.8,4
cote-de-nuits,pinot-noir,2025,2025-08-18,203.7,10
cote-de-nuits,pinot-noir,2025,2025-08-21,197.1,10
cote-de-nuits,pinot-noir,2025,2025-08-25,204.6,12
cote-de-nuits,pinot-noir,2025,2025-08-28,201.8,11
cote-de-nuits,pinot-noir,2025,2025-09-01,199.0,4
cote-de-nuits,pinot-noir,2025,2025-09-04,204.0,1
cote-de-nuits,pinot-noir,2026,2026-08-03,183.5,2
cote-de-nuits,pinot-noir,2026,2026-08-06,202.7,3
cote-de-nuits,pinot-noir,2026,2026-08-10,219.0,4
cote-de-nuits,pinot-noir,2026,2026-08-13,228.0,5
cote-de-nuits,pinot-noir,2026,2026-08-17,236.1,8
cote-de-nuits,pinot-noir,2026,2026-08-20,238.7,6
hautes-cotes,chardonnay,1998,1998-08-27,120.0,1
hautes-cotes,chardonnay,1998,1998-08-31,128.0,2
hautes-cotes,chardonnay,1998,1998-09-03,137.7,3
hautes-cotes,chardonnay,1998,1998-09-07,154.7,3
hautes-cotes,chardonnay,1998,1998-09-10,161.0,3
hautes-cotes,chardonnay,1998,1998-09-14,162.8,2
hautes-cotes,chardonnay,1998,1998-09-17,170.5,2
hautes-cotes,chardonnay,1998,1998-09-21,191.5,2
hautes-cotes,chardonnay,1999,1999-08-30,115.3,3
hautes-cotes,chardonnay,1999,1999-09-02,132.3,3
hautes-cotes,chardonnay,1999,1999-09-06,148.0,3
hautes-cotes,chardonnay,1999,1999-09-09,152.7,3
hautes-cotes,chardonnay,1999,1999-09-13,169.0,3
hautes-cotes,chardonnay,1999,1999-09-16,166.5,2
hautes-cotes,chardonnay,1999,1999-09-20,180.0,2
hautes-cotes,chardonnay,2000,2000-08-24,110.0,1
hautes-cotes,chardonnay,2000,2000-08-28,118.7,3
hautes-cotes,chardonnay,2000,2000-08-31,136.7,3
hautes-cotes,chardonnay,2000,2000-09-04,140.7,3
hautes-cotes,chardonnay,2000,2000-09-07,157.0,3
hautes-cotes,chardonnay,2000,2000-09-11,170.0,3
hautes-cotes,chardonnay,2000,2000-09-14,184.0,2
hautes-cotes,chardonnay,2001,2001-08-27,130.0,1
hautes-cotes,chardonnay,2001,2001-08-30,145.0,1
hautes-cotes,chardonnay,2001,2001-09-03,141.3,3
hautes-cotes,chardonnay,2001,2001-09-06,148.0,3
hautes-cotes,chardonnay,2001,2001-09-10,165.3,3
hautes-cotes,chardonnay,2001,2001-09-13,164.7,3
hautes-cotes,chardonnay,2001,2001-09-17,167.0,2
hautes-cotes,chardonnay,2001,2001-09-20,167.0,2
hautes-cotes,chardonnay,2002,2002-08-26,122.0,2
hautes-cotes,chardonnay,2002,2002-08-29,140.0,1
hautes-cotes,chardonnay,2002,2002-09-02,152.3,3
hautes-cotes,chardonnay,2002,2002-09-05,166.7,3
hautes-cotes,chardonnay,2002,2002-09-09,174.0,3
hautes-cotes,chardonnay,2002,2002-09-12,176.0,2
hautes-cotes,chardonnay,2002,2002-09-16,191.5,2
hautes-cotes,chardonnay,2002,2002-09-19,196.5,2
hautes-cotes,chardonnay,2003,2003-08-11,175.0,1
hautes-cotes,chardonnay,2003,2003-08-14,195.0,1
hautes-cotes,chardonnay,2004,2004-09-06,125.7,3
hautes-cotes,chardonnay,2004,2004-09-09,140.3,3
hautes-cotes,chardonnay,2004,2004-09-13,153.7,3
hautes-cotes,chardonnay,2004,2004-09-16,169.0,1
hautes-cotes,chardonnay,2004,2004-09-20,177.5,2
hautes-cotes,chardonnay,2004,2004-09-23,184.5,2
hautes-cotes,chardonnay,2004,2004-09-27,188.5,2
hautes-cotes,chardonnay,2004,2004-09-28,188.5,2
hautes-cotes,chardonnay,2005,2005-09-01,168.0,2
hautes-cotes,chardonnay,2005,2005-09-05,187.3,3
hautes-cotes,chardonnay,2005,2005-09-08,184.3,3
hautes-cotes,chardonnay,2005,2005-09-12,182.7,3
hautes-cotes,chardonnay,2005,2005-09-15,189.0,2
hautes-cotes,chardonnay,2006,2006-08-31,145.0,3
hautes-cotes,chardonnay,2006,2006-09-04,166.3,3
hautes-cotes,chardonnay,2006,2006-09-07,172.7,3
hautes-cotes,chardonnay,2006,2006-09-11,193.0,2
hautes-cotes,chardonnay,2006,2006-09-14,199.7,3
hautes-cotes,chardonnay,2006,2006-09-18,205.5,2
hautes-cotes,chardonnay,2007,2007-08-13,112.0,1
hautes-cotes,chardonnay,2007,2007-08-16,129.0,1
hautes-cotes,chardonnay,2007,2007-08-20,142.0,3
hautes-cotes,chardonnay,2007,2007-08-23,144.3,3
hautes-cotes,chardonnay,2007,2007-08-27,167.7,3
hautes-cotes,chardonnay,2007,2007-08-30,171.7,3
hautes-cotes,chardonnay,2008,2008-09-04,129.0,3
hautes-cotes,chardonnay,2008,2008-09-08,135.3,3
hautes-cotes,chardonnay,2008,2008-09-11,146.7,3
hautes-cotes,chardonnay,2008,2008-09-15,154.0,3
hautes-cotes,chardonnay,2008,2008-09-18,160.7,3
hautes-cotes,chardonnay,2008,2008-09-22,175.7,3
hautes-cotes,chardonnay,2009,2009-08-27,160.7,3
hautes-cotes,chardonnay,2009,2009-08-31,179.7,3
hautes-cotes,chardonnay,2009,2009-09-03,180.3,3
hautes-cotes,chardonnay,2009,2009-09-07,196.7,3
hautes-cotes,chardonnay,2009,2009-09-10,206.3,3
hautes-cotes,chardonnay,2010,2010-09-02,144.0,2
hautes-cotes,chardonnay,2010,2010-09-06,166.3,3
hautes-cotes,chardonnay,2010,2010-09-09,168.3,3
hautes-cotes,chardonnay,2010,2010-09-13,180.3,3
hautes-cotes,chardonnay,2010,2010-09-16,189.0,2
hautes-cotes,chardonnay,2010,2010-09-20,195.3,3
hautes-cotes,chardonnay,2011,2011-08-16,141.0,1
hautes-cotes,chardonnay,2011,2011-08-18,151.0,3
hautes-cotes,chardonnay,2011,2011-08-22,158.0,6
hautes-cotes,chardonnay,2011,2011-08-25,171.7,3
hautes-cotes,chardonnay,2011,2011-08-29,176.7,3
hautes-cotes,chardonnay,2012,2012-09-03,143.5,2
hautes-cotes,chardonnay,2012,2012-09-06,158.7,3
hautes-cotes,chardonnay,2012,2012-09-10,177.3,3
hautes-cotes,chardonnay,2012,2012-09-13,179.3,3
hautes-cotes,chardonnay,2012,2012-09-17,194.0,2
hautes-cotes,chardonnay,2012,2012-09-20,204.7,3
hautes-cotes,chardonnay,2013,2013-09-09,130.5,2
hautes-cotes,chardonnay,2013,2013-09-12,149.7,3
hautes-cotes,chardonnay,2013,2013-09-16,153.0,3
hautes-cotes,chardonnay,2013,2013-09-19,160.0,3
hautes-cotes,chardonnay,2013,2013-09-23,175.7,3
hautes-cotes,chardonnay,2013,2013-09-26,183.3,3
hautes-cotes,chardonnay,2013,2013-09-30,188.3,3
hautes-cotes,chardonnay,2014,2014-08-28,142.7,3
hautes-cotes,chardonnay,2014,2014-09-01,151.7,3
hautes-cotes,chardonnay,2014,2014-09-04,167.3,3
hautes-cotes,chardonnay,2014,2014-09-08,183.3,3
hautes-cotes,chardonnay,2014,2014-09-11,190.3,3
hautes-cotes,chardonnay,2014,2014-09-15,195.5,2
hautes-cotes,chardonnay,2015,2015-08-17,155.0,3
hautes-cotes,chardonnay,2015,2015-08-20,168.7,3
hautes-cotes,chardonnay,2015,2015-08-24,185.7,3
hautes-cotes,chardonnay,2015,2015-08-27,196.3,3
hautes-cotes,chardonnay,2015,2015-08-31,225.0,2
hautes-cotes,chardonnay,2015,2015-09-03,221.5,2
hautes-cotes,chardonnay,2016,2016-09-01,130.0,1
hautes-cotes,chardonnay,2016,2016-09-05,148.0,1
hautes-cotes,chardonnay,2016,2016-09-08,160.0,1
hautes-cotes,chardonnay,2016,2016-09-12,173.0,1
hautes-cotes,chardonnay,2016,2016-09-15,179.0,1
hautes-cotes,chardonnay,2016,2016-09-19,180.0,1
hautes-cotes,chardonnay,2016,2016-09-22,193.0,1
hautes-cotes,chardonnay,2017,2017-08-17,148.5,2
hautes-cotes,chardonnay,2017,2017-08-21,167.7,3
hautes-cotes,chardonnay,2017,2017-08-24,188.7,3
hautes-cotes,chardonnay,2017,2017-08-28,199.0,3
hautes-cotes,chardonnay,2017,2017-08-31,206.0,3
hautes-cotes,chardonnay,2017,2017-09-04,212.0,2
hautes-cotes,chardonnay,2018,2018-08-13,141.5,2
hautes-cotes,chardonnay,2018,2018-08-16,147.5,2
hautes-cotes,chardonnay,2018,2018-08-20,176.7,3
hautes-cotes,chardonnay,2018,2018-08-23,183.7,3
hautes-cotes,chardonnay,2018,2018-08-27,196.7,3
hautes-cotes,chardonnay,2018,2018-08-30,200.0,2
hautes-cotes,chardonnay,2019,2019-08-22,121.5,2
hautes-cotes,chardonnay,2019,2019-08-26,150.0,1
hautes-cotes,chardonnay,2019,2019-08-29,172.3,3
hautes-cotes,chardonnay,2019,2019-09-02,192.0,3
hautes-cotes,chardonnay,2019,2019-09-05,200.3,3
hautes-cotes,chardonnay,2019,2019-09-09,209.0,3
hautes-cotes,chardonnay,2020,2020-08-03,66.0,2
hautes-cotes,chardonnay,2020,2020-08-06,98.0,2
hautes-cotes,chardonnay,2020,2020-08-10,142.0,3
hautes-cotes,chardonnay,2020,2020-08-13,160.3,3
hautes-cotes,chardonnay,2020,2020-08-17,169.7,3
hautes-cotes,chardonnay,2020,2020-08-20,177.3,3
hautes-cotes,chardonnay,2020,2020-08-24,187.0,2
hautes-cotes,chardonnay,2020,2020-08-27,201.0,2
hautes-cotes,chardonnay,2021,2021-08-26,85.5,2
hautes-cotes,chardonnay,2021,2021-08-30,124.0,2
hautes-cotes,chardonnay,2021,2021-09-02,142.7,3
hautes-cotes,chardonnay,2021,2021-09-06,158.0,3
hautes-cotes,chardonnay,2021,2021-09-09,170.7,3
hautes-cotes,chardonnay,2021,2021-09-13,181.7,3
hautes-cotes,chardonnay,2021,2021-09-16,189.0,3
hautes-cotes,chardonnay,2022,2022-08-04,98.0,2
hautes-cotes,chardonnay,2022,2022-08-08,127.0,2
hautes-cotes,chardonnay,2022,2022-08-11,144.0,1
hautes-cotes,chardonnay,2022,2022-08-16,158.0,3
hautes-cotes,chardonnay,2022,2022-08-18,163.0,3
hautes-cotes,chardonnay,2022,2022-08-22,173.7,3
hautes-cotes,chardonnay,2022,2022-08-25,187.3,3
hautes-cotes,chardonnay,2022,2022-08-29,200.3,3
hautes-cotes,chardonnay,2023,2023-08-17,117.5,2
hautes-cotes,chardonnay,2023,2023-08-21,148.0,3
hautes-cotes,chardonnay,2023,2023-08-24,167.3,3
hautes-cotes,chardonnay,2023,2023-08-28,173.7,3
hautes-cotes,chardonnay,2023,2023-08-31,179.7,3
hautes-cotes,chardonnay,2023,2023-09-04,199.0,3
hautes-cotes,chardonnay,2024,2024-08-22,81.5,2
hautes-cotes,chardonnay,2024,2024-08-26,118.5,2
hautes-cotes,chardonnay,2024,2024-08-29,134.5,2
hautes-cotes,chardonnay,2024,2024-09-02,154.0,3
hautes-cotes,chardonnay,2024,2024-09-05,153.3,3
hautes-cotes,chardonnay,2024,2024-09-09,162.7,3
hautes-cotes,chardonnay,2024,2024-09-12,167.7,3
hautes-cotes,chardonnay,2024,2024-09-16,186.0,2
hautes-cotes,chardonnay,2025,2025-08-11,150.0,2
hautes-cotes,chardonnay,2025,2025-08-14,178.5,2
hautes-cotes,chardonnay,2025,2025-08-18,191.7,3
hautes-cotes,chardonnay,2025,2025-08-21,189.0,3
hautes-cotes,chardonnay,2025,2025-08-25,202.3,3
hautes-cotes,chardonnay,2025,2025-08-28,194.7,3
hautes-cotes,chardonnay,2025,2025-09-01,203.7,3
hautes-cotes,chardonnay,2026,2026-07-30,146.0,1
hautes-cotes,chardonnay,2026,2026-08-10,210.0,3
hautes-cotes,chardonnay,2026,2026-08-13,228.7,3
hautes-cotes,chardonnay,2026,2026-08-17,256.0,1
hautes-cotes,pinot-noir,1988,1988-08-22,129.0,1
hautes-cotes,pinot-noir,1988,1988-08-25,139.0,1
hautes-cotes,pinot-noir,1988,1988-08-29,156.0,1
hautes-cotes,pinot-noir,1988,1988-09-01,158.0,1
hautes-cotes,pinot-noir,1988,1988-09-05,167.0,1
hautes-cotes,pinot-noir,1988,1988-09-08,176.0,1
hautes-cotes,pinot-noir,1988,1988-09-12,185.0,1
hautes-cotes,pinot-noir,1988,1988-09-15,193.0,1
hautes-cotes,pinot-noir,1988,1988-09-19,204.0,1
hautes-cotes,pinot-noir,1988,1988-09-22,203.0,1
hautes-cotes,pinot-noir,1988,1988-09-26,215.0,1
hautes-cotes,pinot-noir,1989,1989-08-21,151.0,1
hautes-cotes,pinot-noir,1989,1989-08-24,169.0,1
hautes-cotes,pinot-noir,1989,1989-08-28,179.0,1
hautes-cotes,pinot-noir,1989,1989-08-31,189.0,1
hautes-cotes,pinot-noir,1989,1989-09-04,192.0,1
hautes-cotes,pinot-noir,1989,1989-09-07,202.0,1
hautes-cotes,pinot-noir,1989,1989-09-11,212.0,1
hautes-cotes,pinot-noir,1989,1989-09-14,217.0,1
hautes-cotes,pinot-noir,1990,1990-08-20,145.0,1
hautes-cotes,pinot-noir,1990,1990-08-23,169.0,1
hautes-cotes,pinot-noir,1990,1990-08-27,174.0,1
hautes-cotes,pinot-noir,1990,1990-08-30,185.0,1
hautes-cotes,pinot-noir,1990,1990-09-03,193.0,1
hautes-cotes,pinot-noir,1990,1990-09-06,201.0,1
hautes-cotes,pinot-noir,1990,1990-09-10,212.0,1
hautes-cotes,pinot-noir,1990,1990-09-13,215.0,1
hautes-cotes,pinot-noir,1990,1990-09-17,224.0,1
hautes-cotes,pinot-noir,1990,1990-09-20,236.0,1
hautes-cotes,pinot-noir,1991,1991-08-19,142.0,1
hautes-cotes,pinot-noir,1991,1991-08-22,158.0,1
hautes-cotes,pinot-noir,1991,1991-08-26,175.0,1
hautes-cotes,pinot-noir,1991,1991-08-29,158.0,1
hautes-cotes,pinot-noir,1991,1991-09-02,184.0,1
hautes-cotes,pinot-noir,1991,1991-09-05,192.0,1
hautes-cotes,pinot-noir,1991,1991-09-09,201.0,1
hautes-cotes,pinot-noir,1991,1991-09-12,178.0,1
hautes-cotes,pinot-noir,1991,1991-09-16,185.0,1
hautes-cotes,pinot-noir,1991,1991-09-19,195.0,1
hautes-cotes,pinot-noir,1992,1992-08-17,62.0,1
hautes-cotes,pinot-noir,1992,1992-08-20,123.0,1
hautes-cotes,pinot-noir,1992,1992-08-24,142.6,1
hautes-cotes,pinot-noir,1992,1992-08-27,178.0,1
hautes-cotes,pinot-noir,1992,1992-08-31,150.7,1
hautes-cotes,pinot-noir,1992,1992-09-03,114.3,1
hautes-cotes,pinot-noir,1992,1992-09-10,128.4,1
hautes-cotes,pinot-noir,1992,1992-09-14,148.6,2
hautes-cotes,pinot-noir,1992,1992-09-17,195.0,1
hautes-cotes,pinot-noir,1992,1992-09-21,135.0,1
hautes-cotes,pinot-noir,1993,1993-08-23,131.0,1
hautes-cotes,pinot-noir,1993,1993-08-26,135.0,1
hautes-cotes,pinot-noir,1993,1993-08-30,142.5,1
hautes-cotes,pinot-noir,1993,1993-09-06,163.0,1
hautes-cotes,pinot-noir,1993,1993-09-09,166.0,1
hautes-cotes,pinot-noir,1993,1993-09-13,174.5,1
hautes-cotes,pinot-noir,1993,1993-09-16,173.0,1
hautes-cotes,pinot-noir,1993,1993-09-23,186.0,1
hautes-cotes,pinot-noir,1994,1994-08-22,109.4,2
hautes-cotes,pinot-noir,1994,1994-08-25,125.5,2
hautes-cotes,pinot-noir,1994,1994-08-29,129.1,2
hautes-cotes,pinot-noir,1994,1994-09-01,142.5,2
hautes-cotes,pinot-noir,1994,1994-09-05,154.0,2
hautes-cotes,pinot-noir,1994,1994-09-08,155.0,2
hautes-cotes,pinot-noir,1994,1994-09-12,168.0,2
hautes-cotes,pinot-noir,1994,1994-09-15,156.0,2
hautes-cotes,pinot-noir,1994,1994-09-19,166.5,2
hautes-cotes,pinot-noir,1994,1994-09-22,157.0,1
hautes-cotes,pinot-noir,1995,1995-08-28,140.0,1
hautes-cotes,pinot-noir,1995,1995-08-31,143.5,2
hautes-cotes,pinot-noir,1995,1995-09-04,143.2,2
hautes-cotes,pinot-noir,1995,1995-09-07,159.5,1
hautes-cotes,pinot-noir,1995,1995-09-11,151.5,2
hautes-cotes,pinot-noir,1995,1995-09-14,184.5,2
hautes-cotes,pinot-noir,1995,1995-09-18,164.0,2
hautes-cotes,pinot-noir,1995,1995-09-21,169.0,2
hautes-cotes,pinot-noir,1995,1995-09-25,168.5,2
hautes-cotes,pinot-noir,1995,1995-09-28,162.0,1
hautes-cotes,pinot-noir,1995,1995-10-02,177.0,1
hautes-cotes,pinot-noir,1996,1996-08-26,119.0,2
hautes-cotes,pinot-noir,1996,1996-08-29,122.5,2
hautes-cotes,pinot-noir,1996,1996-09-02,152.8,2
hautes-cotes,pinot-noir,1996,1996-09-05,143.0,2
hautes-cotes,pinot-noir,1996,1996-09-09,183.0,2
hautes-cotes,pinot-noir,1996,1996-09-12,177.2,2
hautes-cotes,pinot-noir,1996,1996-09-16,184.5,1
hautes-cotes,pinot-noir,1996,1996-09-19,182.5,2
hautes-cotes,pinot-noir,1996,1996-09-23,184.8,2
hautes-cotes,pinot-noir,1996,1996-09-26,203.0,2
hautes-cotes,pinot-noir,1996,1996-09-30,214.0,1
hautes-cotes,pinot-noir,1997,1997-08-21,149.0,1
hautes-cotes,pinot-noir,1997,1997-08-25,145.8,2
hautes-cotes,pinot-noir,1997,1997-08-28,144.8,2
hautes-cotes,pinot-noir,1997,1997-09-01,155.0,2
hautes-cotes,pinot-noir,1997,1997-09-04,154.5,2
hautes-cotes,pinot-noir,1997,1997-09-08,173.6,2
hautes-cotes,pinot-noir,1997,1997-09-11,179.5,2
hautes-cotes,pinot-noir,1997,1997-09-15,196.8,2
hautes-cotes,pinot-noir,1997,1997-09-18,181.5,1
hautes-cotes,pinot-noir,1998,1998-08-20,152.8,1
hautes-cotes,pinot-noir,1998,1998-08-24,167.3,1
hautes-cotes,pinot-noir,1998,1998-08-27,149.3,3
hautes-cotes,pinot-noir,1998,1998-08-31,165.1,3
hautes-cotes,pinot-noir,1998,1998-09-03,164.9,5
hautes-cotes,pinot-noir,1998,1998-09-07,169.2,5
hautes-cotes,pinot-noir,1998,1998-09-10,173.9,5
hautes-cotes,pinot-noir,1998,1998-09-14,169.2,4
hautes-cotes,pinot-noir,1998,1998-09-17,173.0,4
hautes-cotes,pinot-noir,1998,1998-09-21,190.4,4
hautes-cotes,pinot-noir,1998,1998-09-24,204.8,1
hautes-cotes,pinot-noir,1999,1999-08-26,127.0,2
hautes-cotes,pinot-noir,1999,1999-08-30,135.5,5
hautes-cotes,pinot-noir,1999,1999-09-02,149.8,5
hautes-cotes,pinot-noir,1999,1999-09-06,159.4,5
hautes-cotes,pinot-noir,1999,1999-09-09,171.2,5
hautes-cotes,pinot-noir,1999,1999-09-13,182.8,5
hautes-cotes,pinot-noir,1999,1999-09-16,195.8,4
hautes-cotes,pinot-noir,1999,1999-09-20,187.9,4
hautes-cotes,pinot-noir,1999,1999-09-23,201.5,2
hautes-cotes,pinot-noir,1999,1999-09-27,192.5,2
hautes-cotes,pinot-noir,2000,2000-08-21,146.7,1
hautes-cotes,pinot-noir,2000,2000-08-24,141.0,5
hautes-cotes,pinot-noir,2000,2000-08-28,155.7,5
hautes-cotes,pinot-noir,2000,2000-08-31,163.1,5
hautes-cotes,pinot-noir,2000,2000-09-04,167.7,5
hautes-cotes,pinot-noir,2000,2000-09-07,179.1,5
hautes-cotes,pinot-noir,2000,2000-09-11,194.6,4
hautes-cotes,pinot-noir,2000,2000-09-14,194.0,4
hautes-cotes,pinot-noir,2000,2000-09-18,206.7,2
hautes-cotes,pinot-noir,2000,2000-09-21,204.3,1
hautes-cotes,pinot-noir,2001,2001-08-23,127.1,1
hautes-cotes,pinot-noir,2001,2001-08-27,139.2,3
hautes-cotes,pinot-noir,2001,2001-08-30,146.5,2
hautes-cotes,pinot-noir,2001,2001-09-03,150.3,5
hautes-cotes,pinot-noir,2001,2001-09-06,155.5,5
hautes-cotes,pinot-noir,2001,2001-09-10,166.9,5
hautes-cotes,pinot-noir,2001,2001-09-13,180.0,5
hautes-cotes,pinot-noir,2001,2001-09-17,178.8,4
hautes-cotes,pinot-noir,2001,2001-09-20,178.0,4
hautes-cotes,pinot-noir,2001,2001-09-24,195.4,2
hautes-cotes,pinot-noir,2001,2001-09-27,195.5,1
hautes-cotes,pinot-noir,2002,2002-08-22,146.8,1
hautes-cotes,pinot-noir,2002,2002-08-26,139.6,4
hautes-cotes,pinot-noir,2002,2002-08-29,146.4,3
hautes-cotes,pinot-noir,2002,2002-09-02,153.1,5
hautes-cotes,pinot-noir,2002,2002-09-05,164.3,5
hautes-cotes,pinot-noir,2002,2002-09-09,173.5,5
hautes-cotes,pinot-noir,2002,2002-09-12,181.7,4
hautes-cotes,pinot-noir,2002,2002-09-16,187.8,4
hautes-cotes,pinot-noir,2002,2002-09-19,209.7,4
hautes-cotes,pinot-noir,2002,2002-09-23,210.0,2
hautes-cotes,pinot-noir,2002,2002-09-26,218.5,2
hautes-cotes,pinot-noir,2003,2003-08-11,174.5,2
hautes-cotes,pinot-noir,2003,2003-08-13,185.4,2
hautes-cotes,pinot-noir,2003,2003-08-14,195.0,1
hautes-cotes,pinot-noir,2003,2003-08-18,191.2,2
hautes-cotes,pinot-noir,2003,2003-08-21,188.9,2
hautes-cotes,pinot-noir,2003,2003-08-25,210.2,2
hautes-cotes,pinot-noir,2003,2003-08-28,225.7,2
hautes-cotes,pinot-noir,2003,2003-09-01,223.6,1
hautes-cotes,pinot-noir,2004,2004-08-26,106.7,1
hautes-cotes,pinot-noir,2004,2004-08-30,116.8,2
hautes-cotes,pinot-noir,2004,2004-09-02,134.4,2
hautes-cotes,pinot-noir,2004,2004-09-06,152.0,4
hautes-cotes,pinot-noir,2004,2004-09-09,164.7,4
hautes-cotes,pinot-noir,2004,2004-09-13,174.9,3
hautes-cotes,pinot-noir,2004,2004-09-16,183.3,3
hautes-cotes,pinot-noir,2004,2004-09-20,192.3,3
hautes-cotes,pinot-noir,2004,2004-09-23,204.6,3
hautes-cotes,pinot-noir,2004,2004-09-27,207.5,3
hautes-cotes,pinot-noir,2004,2004-09-28,199.0,1
hautes-cotes,pinot-noir,2004,2004-09-30,226.3,1
hautes-cotes,pinot-noir,2005,2005-08-18,134.4,2
hautes-cotes,pinot-noir,2005,2005-08-22,147.1,2
hautes-cotes,pinot-noir,2005,2005-08-25,156.8,2
hautes-cotes,pinot-noir,2005,2005-08-29,163.3,2
hautes-cotes,pinot-noir,2005,2005-09-01,172.1,5
hautes-cotes,pinot-noir,2005,2005-09-05,185.1,5
hautes-cotes,pinot-noir,2005,2005-09-08,187.1,5
hautes-cotes,pinot-noir,2005,2005-09-12,181.6,5
hautes-cotes,pinot-noir,2005,2005-09-15,193.3,3
hautes-cotes,pinot-noir,2005,2005-09-19,205.4,1
hautes-cotes,pinot-noir,2005,2005-09-22,209.8,1
hautes-cotes,pinot-noir,2005,2005-09-26,223.0,1
hautes-cotes,pinot-noir,2006,2006-08-17,116.2,2
hautes-cotes,pinot-noir,2006,2006-08-21,136.7,2
hautes-cotes,pinot-noir,2006,2006-08-24,142.9,2
hautes-cotes,pinot-noir,2006,2006-08-28,163.4,2
hautes-cotes,pinot-noir,2006,2006-08-31,159.5,5
hautes-cotes,pinot-noir,2006,2006-09-04,174.9,5
hautes-cotes,pinot-noir,2006,2006-09-07,182.1,5
hautes-cotes,pinot-noir,2006,2006-09-11,196.4,4
hautes-cotes,pinot-noir,2006,2006-09-14,199.2,5
hautes-cotes,pinot-noir,2006,2006-09-18,206.1,4
hautes-cotes,pinot-noir,2006,2006-09-21,210.9,2
hautes-cotes,pinot-noir,2006,2006-09-25,228.1,1
hautes-cotes,pinot-noir,2007,2007-08-06,135.2,2
hautes-cotes,pinot-noir,2007,2007-08-09,142.7,2
hautes-cotes,pinot-noir,2007,2007-08-13,143.4,4
hautes-cotes,pinot-noir,2007,2007-08-16,147.4,3
hautes-cotes,pinot-noir,2007,2007-08-20,160.1,6
hautes-cotes,pinot-noir,2007,2007-08-23,163.2,6
hautes-cotes,pinot-noir,2007,2007-08-27,174.0,6
hautes-cotes,pinot-noir,2007,2007-08-30,177.4,5
hautes-cotes,pinot-noir,2007,2007-09-03,191.5,1
hautes-cotes,pinot-noir,2007,2007-09-06,193.7,1
hautes-cotes,pinot-noir,2007,2007-09-10,200.0,1
hautes-cotes,pinot-noir,2007,2007-09-13,190.6,1
hautes-cotes,pinot-noir,2008,2008-08-21,119.2,1
hautes-cotes,pinot-noir,2008,2008-08-25,123.4,2
hautes-cotes,pinot-noir,2008,2008-08-28,129.7,2
hautes-cotes,pinot-noir,2008,2008-09-01,163.5,1
hautes-cotes,pinot-noir,2008,2008-09-04,149.3,6
hautes-cotes,pinot-noir,2008,2008-09-08,152.3,6
hautes-cotes,pinot-noir,2008,2008-09-11,156.5,5
hautes-cotes,pinot-noir,2008,2008-09-15,162.2,7
hautes-cotes,pinot-noir,2008,2008-09-18,170.1,6
hautes-cotes,pinot-noir,2008,2008-09-22,178.7,6
hautes-cotes,pinot-noir,2008,2008-09-25,187.3,2
hautes-cotes,pinot-noir,2008,2008-09-29,201.9,2
hautes-cotes,pinot-noir,2009,2009-08-13,128.0,1
hautes-cotes,pinot-noir,2009,2009-08-17,144.9,2
hautes-cotes,pinot-noir,2009,2009-08-20,157.0,2
hautes-cotes,pinot-noir,2009,2009-08-24,166.5,4
hautes-cotes,pinot-noir,2009,2009-08-27,171.3,6
hautes-cotes,pinot-noir,2009,2009-08-31,180.4,8
hautes-cotes,pinot-noir,2009,2009-09-03,186.8,6
hautes-cotes,pinot-noir,2009,2009-09-07,192.6,8
hautes-cotes,pinot-noir,2009,2009-09-10,207.8,5
hautes-cotes,pinot-noir,2009,2009-09-14,203.0,2
hautes-cotes,pinot-noir,2009,2009-09-21,211.0,1
hautes-cotes,pinot-noir,2010,2010-08-23,120.3,2
hautes-cotes,pinot-noir,2010,2010-08-26,125.5,2
hautes-cotes,pinot-noir,2010,2010-08-30,144.5,2
hautes-cotes,pinot-noir,2010,2010-09-02,160.2,5
hautes-cotes,pinot-noir,2010,2010-09-06,169.7,7
hautes-cotes,pinot-noir,2010,2010-09-09,170.5,6
hautes-cotes,pinot-noir,2010,2010-09-13,177.9,10
hautes-cotes,pinot-noir,2010,2010-09-16,183.0,5
hautes-cotes,pinot-noir,2010,2010-09-20,186.5,10
hautes-cotes,pinot-noir,2010,2010-09-23,194.5,2
hautes-cotes,pinot-noir,2010,2010-09-27,193.0,1
hautes-cotes,pinot-noir,2010,2010-09-30,199.0,1
hautes-cotes,pinot-noir,2011,2011-08-04,95.0,1
hautes-cotes,pinot-noir,2011,2011-08-08,118.0,2
hautes-cotes,pinot-noir,2011,2011-08-11,142.5,2
hautes-cotes,pinot-noir,2011,2011-08-16,152.0,4
hautes-cotes,pinot-noir,2011,2011-08-18,148.6,5
hautes-cotes,pinot-noir,2011,2011-08-22,161.7,11
hautes-cotes,pinot-noir,2011,2011-08-25,169.3,6
hautes-cotes,pinot-noir,2011,2011-08-29,172.7,6
hautes-cotes,pinot-noir,2011,2011-09-01,178.8,5
hautes-cotes,pinot-noir,2011,2011-09-05,177.5,2
hautes-cotes,pinot-noir,2011,2011-09-08,183.0,1
hautes-cotes,pinot-noir,2012,2012-08-27,133.0,1
hautes-cotes,pinot-noir,2012,2012-08-30,142.0,1
hautes-cotes,pinot-noir,2012,2012-09-03,162.6,5
hautes-cotes,pinot-noir,2012,2012-09-06,171.7,6
hautes-cotes,pinot-noir,2012,2012-09-10,180.7,10
hautes-cotes,pinot-noir,2012,2012-09-13,186.3,6
hautes-cotes,pinot-noir,2012,2012-09-17,194.3,7
hautes-cotes,pinot-noir,2012,2012-09-20,199.5,10
hautes-cotes,pinot-noir,2012,2012-09-24,202.0,3
hautes-cotes,pinot-noir,2012,2012-09-27,207.0,1
hautes-cotes,pinot-noir,2013,2013-09-09,148.0,3
hautes-cotes,pinot-noir,2013,2013-09-12,154.8,4
hautes-cotes,pinot-noir,2013,2013-09-16,157.6,5
hautes-cotes,pinot-noir,2013,2013-09-19,162.3,6
hautes-cotes,pinot-noir,2013,2013-09-23,173.7,6
hautes-cotes,pinot-noir,2013,2013-09-26,178.2,10
hautes-cotes,pinot-noir,2013,2013-09-30,189.0,5
hautes-cotes,pinot-noir,2013,2013-10-03,177.4,5
hautes-cotes,pinot-noir,2013,2013-10-07,200.0,1
hautes-cotes,pinot-noir,2014,2014-08-18,119.0,1
hautes-cotes,pinot-noir,2014,2014-08-21,129.0,1
hautes-cotes,pinot-noir,2014,2014-08-25,155.5,2
hautes-cotes,pinot-noir,2014,2014-08-28,158.4,5
hautes-cotes,pinot-noir,2014,2014-09-01,158.1,8
hautes-cotes,pinot-noir,2014,2014-09-04,170.7,6
hautes-cotes,pinot-noir,2014,2014-09-08,182.0,6
hautes-cotes,pinot-noir,2014,2014-09-11,188.3,6
hautes-cotes,pinot-noir,2014,2014-09-15,187.3,7
hautes-cotes,pinot-noir,2015,2015-08-17,155.8,5
hautes-cotes,pinot-noir,2015,2015-08-20,168.3,6
hautes-cotes,pinot-noir,2015,2015-08-24,180.3,6
hautes-cotes,pinot-noir,2015,2015-08-27,187.8,9
hautes-cotes,pinot-noir,2015,2015-08-31,209.0,6
hautes-cotes,pinot-noir,2015,2015-09-03,212.9,8
hautes-cotes,pinot-noir,2015,2015-09-07,223.0,1
hautes-cotes,pinot-noir,2015,2015-09-10,231.0,1
hautes-cotes,pinot-noir,2016,2016-08-29,128.0,1
hautes-cotes,pinot-noir,2016,2016-09-01,158.5,4
hautes-cotes,pinot-noir,2016,2016-09-05,163.8,4
hautes-cotes,pinot-noir,2016,2016-09-08,168.2,4
hautes-cotes,pinot-noir,2016,2016-09-12,180.1,7
hautes-cotes,pinot-noir,2016,2016-09-15,191.0,4
hautes-cotes,pinot-noir,2016,2016-09-19,181.5,6
hautes-cotes,pinot-noir,2016,2016-09-22,193.8,4
hautes-cotes,pinot-noir,2016,2016-09-26,202.0,1
hautes-cotes,pinot-noir,2016,2016-09-29,202.0,2
hautes-cotes,pinot-noir,2017,2017-08-10,126.5,2
hautes-cotes,pinot-noir,2017,2017-08-14,153.5,2
hautes-cotes,pinot-noir,2017,2017-08-17,158.0,4
hautes-cotes,pinot-noir,2017,2017-08-21,171.8,6
hautes-cotes,pinot-noir,2017,2017-08-24,184.7,6
hautes-cotes,pinot-noir,2017,2017-08-28,194.3,6
hautes-cotes,pinot-noir,2017,2017-08-31,197.9,8
hautes-cotes,pinot-noir,2017,2017-09-04,204.6,5
hautes-cotes,pinot-noir,2017,2017-09-07,205.0,3
hautes-cotes,pinot-noir,2017,2017-09-11,204.5,2
hautes-cotes,pinot-noir,2018,2018-08-02,110.5,2
hautes-cotes,pinot-noir,2018,2018-08-06,150.5,2
hautes-cotes,pinot-noir,2018,2018-08-09,153.0,2
hautes-cotes,pinot-noir,2018,2018-08-13,159.5,4
hautes-cotes,pinot-noir,2018,2018-08-16,162.2,5
hautes-cotes,pinot-noir,2018,2018-08-20,175.9,7
hautes-cotes,pinot-noir,2018,2018-08-23,188.8,6
hautes-cotes,pinot-noir,2018,2018-08-27,195.1,7
hautes-cotes,pinot-noir,2018,2018-08-30,198.0,5
hautes-cotes,pinot-noir,2018,2018-09-03,208.0,6
hautes-cotes,pinot-noir,2018,2018-09-06,215.5,2
hautes-cotes,pinot-noir,2019,2019-08-13,123.5,2
hautes-cotes,pinot-noir,2019,2019-08-19,153.5,2
hautes-cotes,pinot-noir,2019,2019-08-22,155.0,4
hautes-cotes,pinot-noir,2019,2019-08-26,174.2,4
hautes-cotes,pinot-noir,2019,2019-08-29,183.7,6
hautes-cotes,pinot-noir,2019,2019-09-02,196.2,6
hautes-cotes,pinot-noir,2019,2019-09-05,211.0,6
hautes-cotes,pinot-noir,2019,2019-09-09,214.2,6
hautes-cotes,pinot-noir,2019,2019-09-12,226.7,3
hautes-cotes,pinot-noir,2019,2019-09-16,243.5,2
hautes-cotes,pinot-noir,2020,2020-07-27,119.0,2
hautes-cotes,pinot-noir,2020,2020-07-30,133.5,2
hautes-cotes,pinot-noir,2020,2020-08-03,141.8,4
hautes-cotes,pinot-noir,2020,2020-08-06,158.5,4
hautes-cotes,pinot-noir,2020,2020-08-10,180.7,6
hautes-cotes,pinot-noir,2020,2020-08-13,191.7,6
hautes-cotes,pinot-noir,2020,2020-08-17,196.3,6
hautes-cotes,pinot-noir,2020,2020-08-20,203.8,6
hautes-cotes,pinot-noir,2020,2020-08-24,202.5,4
hautes-cotes,pinot-noir,2020,2020-08-27,214.2,4
hautes-cotes,pinot-noir,2020,2020-08-31,210.0,1
hautes-cotes,pinot-noir,2021,2021-08-23,146.0,2
hautes-cotes,pinot-noir,2021,2021-08-26,142.0,2
hautes-cotes,pinot-noir,2021,2021-08-30,166.5,4
hautes-cotes,pinot-noir,2021,2021-09-02,172.2,4
hautes-cotes,pinot-noir,2021,2021-09-06,185.2,7
hautes-cotes,pinot-noir,2021,2021-09-09,190.5,4
hautes-cotes,pinot-noir,2021,2021-09-13,201.5,6
hautes-cotes,pinot-noir,2021,2021-09-16,197.5,4
hautes-cotes,pinot-noir,2021,2021-09-20,200.0,3
hautes-cotes,pinot-noir,2021,2021-09-23,175.5,1
hautes-cotes,pinot-noir,2022,2022-07-28,119.0,1
hautes-cotes,pinot-noir,2022,2022-08-01,138.0,1
hautes-cotes,pinot-noir,2022,2022-08-04,139.0,4
hautes-cotes,pinot-noir,2022,2022-08-08,156.0,4
hautes-cotes,pinot-noir,2022,2022-08-11,174.0,3
hautes-cotes,pinot-noir,2022,2022-08-16,180.2,5
hautes-cotes,pinot-noir,2022,2022-08-18,181.2,5
hautes-cotes,pinot-noir,2022,2022-08-22,186.2,6
hautes-cotes,pinot-noir,2022,2022-08-25,199.2,6
hautes-cotes,pinot-noir,2022,2022-08-29,213.5,6
hautes-cotes,pinot-noir,2022,2022-09-01,204.0,2
hautes-cotes,pinot-noir,2022,2022-09-05,226.0,1
hautes-cotes,pinot-noir,2023,2023-08-10,118.0,1
hautes-cotes,pinot-noir,2023,2023-08-14,126.5,2
hautes-cotes,pinot-noir,2023,2023-08-17,135.0,4
hautes-cotes,pinot-noir,2023,2023-08-21,151.0,5
hautes-cotes,pinot-noir,2023,2023-08-24,178.7,6
hautes-cotes,pinot-noir,2023,2023-08-28,176.7,6
hautes-cotes,pinot-noir,2023,2023-08-31,175.7,6
hautes-cotes,pinot-noir,2023,2023-09-04,189.8,6
hautes-cotes,pinot-noir,2023,2023-09-07,215.7,3
hautes-cotes,pinot-noir,2023,2023-09-11,232.0,2
hautes-cotes,pinot-noir,2024,2024-08-19,130.0,2
hautes-cotes,pinot-noir,2024,2024-08-22,139.0,4
hautes-cotes,pinot-noir,2024,2024-08-26,153.2,4
hautes-cotes,pinot-noir,2024,2024-08-29,163.2,4
hautes-cotes,pinot-noir,2024,2024-09-02,176.2,6
hautes-cotes,pinot-noir,2024,2024-09-05,173.0,6
hautes-cotes,pinot-noir,2024,2024-09-09,179.0,6
hautes-cotes,pinot-noir,2024,2024-09-12,184.8,6
hautes-cotes,pinot-noir,2024,2024-09-16,194.0,5
hautes-cotes,pinot-noir,2024,2024-09-19,203.3,3
hautes-cotes,pinot-noir,2025,2025-08-04,133.0,2
hautes-cotes,pinot-noir,2025,2025-08-07,144.5,2
hautes-cotes,pinot-noir,2025,2025-08-11,163.5,4
hautes-cotes,pinot-noir,2025,2025-08-14,181.9,6
hautes-cotes,pinot-noir,2025,2025-08-18,199.4,7
hautes-cotes,pinot-noir,2025,2025-08-21,194.3,6
hautes-cotes,pinot-noir,2025,2025-08-25,203.7,6
hautes-cotes,pinot-noir,2025,2025-08-28,200.2,6
hautes-cotes,pinot-noir,2025,2025-09-01,202.3,6
hautes-cotes,pinot-noir,2025,2025-09-04,200.5,2
hautes-cotes,pinot-noir,2026,2026-07-30,163.5,2
hautes-cotes,pinot-noir,2026,2026-08-03,184.0,2
hautes-cotes,pinot-noir,2026,2026-08-06,198.5,2
hautes-cotes,pinot-noir,2026,2026-08-10,209.6,5
hautes-cotes,pinot-noir,2026,2026-08-13,225.4,5
hautes-cotes,pinot-noir,2026,2026-08-17,237.4,5
hautes-cotes,pinot-noir,2026,2026-08-20,252.4,4
