# Planted mix, % of area, per appellation and blend: 'blend' the reds, 'blend-white' the dry
# whites, 'blend-sweet' Sauternes and Barsac. The blend reading weights each grape by these shares
# (Merlot, Cabernet Sauvignon, Cabernet Franc; Sémillon, Sauvignon Blanc). "other" (mostly Petit
# Verdot) and Muscadelle are not modelled, and the modelled grapes are rescaled to 100.
# basis: official = the CIVB (bordeaux.com); appellation = the appellation's own body, as quoted;
# trade = a trade guide, used where no official breakdown was found; region = Bordeaux as a
# whole, where no figure for the appellation was found. Pessac-Léognan white: weighted by white
# area over the 47 estate sheets on the appellation body's site that give both (271.7 ha, about the
# whole white vineyard); Sauvignon Gris sits in "other". Sauternes and Barsac: the Sauternes-Barsac
# ODG's 2024 press kit (one figure for both appellations). Researched 4 October 2026.
village,blend,merlot,cabernet-sauvignon,cabernet-franc,semillon,sauvignon-blanc,muscadelle,other,year,basis,source
saint-estephe,blend,40,50,7,,,,3,,official,https://www.bordeaux.com/fr/appellations/medoc/saint-estephe/
pauillac,blend,32,62,4,,,,2,,trade,https://bordeaux.guides.winefolly.com/regions/pauillac/
saint-julien,blend,28,65,4,,,,3,,trade,https://bordeaux.guides.winefolly.com/regions/saint-julien/
margaux,blend,35,58,2.5,,,,4.5,2021,appellation,https://www.decanter.com/premium/regional-profile-margaux-482622/
pessac-leognan,blend,53.4,43.8,2.7,,,,0,,trade,https://bordeaux.guides.winefolly.com/regions/pessac-leognan/
saint-emilion,blend,79,6,15,,,,0,,trade,https://bordeaux.guides.winefolly.com/regions/saint-emilion/
pomerol,blend,80,5,15,,,,0,,official,https://www.bordeaux.com/fr/appellations/libournais/pomerol/
pessac-leognan,blend-white,,,,22.7,75.6,0.1,1.6,2026,appellation,https://www.pessac-leognan.com/nos-chateaux/
sauternes,blend-sweet,,,,80,19,1,0,2024,appellation,https://www.sauternes-barsac.com/wp-content/uploads/2024/04/PORTRAIT_2024_DP-SAUTERNES-BARSAC_compressed.pdf
barsac,blend-sweet,,,,80,19,1,0,2024,appellation,https://www.sauternes-barsac.com/wp-content/uploads/2024/04/PORTRAIT_2024_DP-SAUTERNES-BARSAC_compressed.pdf
