# Must sugar measured by the Bordeaux Raisins maturity network (bordeauxraisins.fr, ISVV /
# Université de Bordeaux with the CIVB): reference plots sampled weekly from véraison. One row
# per bank, grape and sampling date, the mean over that bank's plots sampled that day (left bank:
# Médoc 1-2 and Graves 3; right bank: Libournais 5-6). Refreshed by bordeaux_raisins.py in the
# monthly Vintage data Action. sugar: g/L. plots: how many plots the mean covers.
area,grape,year,date,sugar,plots
left-bank,cabernet-sauvignon,2013,2013-08-26,122.7,3
left-bank,cabernet-sauvignon,2013,2013-09-02,146.1,3
left-bank,cabernet-sauvignon,2013,2013-09-09,186.9,3
left-bank,cabernet-sauvignon,2013,2013-09-16,195.8,3
left-bank,cabernet-sauvignon,2013,2013-09-23,206.3,3
left-bank,cabernet-sauvignon,2013,2013-09-30,211.0,3
left-bank,cabernet-sauvignon,2014,2014-08-18,132.9,2
left-bank,cabernet-sauvignon,2014,2014-08-25,153.5,3
left-bank,cabernet-sauvignon,2014,2014-09-01,176.3,3
left-bank,cabernet-sauvignon,2014,2014-09-08,198.4,3
left-bank,cabernet-sauvignon,2014,2014-09-15,204.0,3
left-bank,cabernet-sauvignon,2014,2014-09-21,209.7,3
left-bank,cabernet-sauvignon,2014,2014-09-29,229.7,3
left-bank,cabernet-sauvignon,2016,2016-08-22,124.8,3
left-bank,cabernet-sauvignon,2016,2016-08-29,156.7,3
left-bank,cabernet-sauvignon,2016,2016-09-05,183.1,3
left-bank,cabernet-sauvignon,2016,2016-09-12,206.0,3
left-bank,cabernet-sauvignon,2016,2016-09-19,217.5,3
left-bank,cabernet-sauvignon,2016,2016-09-26,217.1,3
left-bank,cabernet-sauvignon,2016,2016-10-03,217.1,3
left-bank,cabernet-sauvignon,2019,2019-08-26,181.0,3
left-bank,cabernet-sauvignon,2019,2019-09-02,202.0,3
left-bank,cabernet-sauvignon,2019,2019-09-09,207.3,3
left-bank,cabernet-sauvignon,2019,2019-09-24,224.0,3
left-bank,cabernet-sauvignon,2020,2020-08-17,177.3,3
left-bank,cabernet-sauvignon,2020,2020-08-24,183.0,3
left-bank,cabernet-sauvignon,2020,2020-08-31,200.7,3
left-bank,cabernet-sauvignon,2020,2020-09-07,215.9,3
left-bank,cabernet-sauvignon,2020,2020-09-14,225.3,2
left-bank,cabernet-sauvignon,2021,2021-08-30,178.5,3
left-bank,cabernet-sauvignon,2021,2021-09-06,188.9,3
left-bank,cabernet-sauvignon,2021,2021-09-13,196.1,3
left-bank,cabernet-sauvignon,2021,2021-09-20,195.7,3
left-bank,cabernet-sauvignon,2021,2021-09-27,204.0,3
left-bank,cabernet-sauvignon,2022,2022-08-16,178.8,3
left-bank,cabernet-sauvignon,2022,2022-08-22,181.2,3
left-bank,cabernet-sauvignon,2022,2022-08-29,208.0,3
left-bank,cabernet-sauvignon,2022,2022-09-02,202.0,3
left-bank,cabernet-sauvignon,2022,2022-09-05,219.3,3
left-bank,cabernet-sauvignon,2022,2022-09-12,228.0,3
left-bank,cabernet-sauvignon,2023,2023-08-16,160.5,2
left-bank,cabernet-sauvignon,2023,2023-08-21,184.0,3
left-bank,cabernet-sauvignon,2023,2023-08-28,184.0,3
left-bank,cabernet-sauvignon,2023,2023-09-04,206.0,3
left-bank,cabernet-sauvignon,2023,2023-09-11,224.7,3
left-bank,cabernet-sauvignon,2023,2023-09-18,219.7,3
left-bank,cabernet-sauvignon,2024,2024-09-02,171.7,6
left-bank,cabernet-sauvignon,2024,2024-09-09,177.3,6
left-bank,cabernet-sauvignon,2024,2024-09-16,200.0,6
left-bank,cabernet-sauvignon,2024,2024-09-23,205.1,6
left-bank,cabernet-sauvignon,2024,2024-09-30,201.0,4
left-bank,cabernet-sauvignon,2026,2026-08-03,173.7,3
left-bank,cabernet-sauvignon,2026,2026-08-10,202.0,3
left-bank,cabernet-sauvignon,2026,2026-08-17,215.7,3
left-bank,cabernet-sauvignon,2026,2026-08-24,230.1,3
left-bank,cabernet-sauvignon,2026,2026-08-31,234.0,2
left-bank,merlot,2013,2013-08-26,137.0,3
left-bank,merlot,2013,2013-09-02,187.1,3
left-bank,merlot,2013,2013-09-09,211.6,3
left-bank,merlot,2013,2013-09-16,201.8,3
left-bank,merlot,2013,2013-09-23,218.0,3
left-bank,merlot,2013,2013-09-30,223.3,2
left-bank,merlot,2014,2014-08-18,140.9,2
left-bank,merlot,2014,2014-08-25,158.2,3
left-bank,merlot,2014,2014-09-01,183.3,3
left-bank,merlot,2014,2014-09-08,196.9,3
left-bank,merlot,2014,2014-09-15,214.3,3
left-bank,merlot,2014,2014-09-21,225.2,3
left-bank,merlot,2016,2016-08-22,158.7,3
left-bank,merlot,2016,2016-08-29,192.3,3
left-bank,merlot,2016,2016-09-05,206.8,3
left-bank,merlot,2016,2016-09-12,237.4,3
left-bank,merlot,2016,2016-09-19,237.2,3
left-bank,merlot,2016,2016-09-26,245.1,1
left-bank,merlot,2016,2016-10-03,245.1,1
left-bank,merlot,2019,2019-08-19,165.0,3
left-bank,merlot,2019,2019-08-26,196.7,3
left-bank,merlot,2019,2019-09-02,217.3,3
left-bank,merlot,2019,2019-09-09,230.0,3
left-bank,merlot,2019,2019-09-16,230.3,6
left-bank,merlot,2019,2019-09-23,234.2,4
left-bank,merlot,2019,2019-09-30,222.2,2
left-bank,merlot,2020,2020-08-17,196.0,3
left-bank,merlot,2020,2020-08-24,204.3,3
left-bank,merlot,2020,2020-08-31,212.7,3
left-bank,merlot,2020,2020-09-07,223.3,3
left-bank,merlot,2021,2021-08-30,184.0,3
left-bank,merlot,2021,2021-09-06,196.0,3
left-bank,merlot,2021,2021-09-13,198.0,3
left-bank,merlot,2021,2021-09-20,200.7,3
left-bank,merlot,2021,2021-09-27,201.0,2
left-bank,merlot,2022,2022-08-16,203.3,3
left-bank,merlot,2022,2022-08-22,210.3,3
left-bank,merlot,2022,2022-08-29,226.3,3
left-bank,merlot,2022,2022-09-02,217.3,3
left-bank,merlot,2022,2022-09-05,241.0,2
left-bank,merlot,2023,2023-08-16,172.0,3
left-bank,merlot,2023,2023-08-21,186.5,2
left-bank,merlot,2023,2023-08-28,186.5,2
left-bank,merlot,2023,2023-09-04,223.0,2
left-bank,merlot,2023,2023-09-11,230.0,1
left-bank,merlot,2024,2024-09-02,191.7,6
left-bank,merlot,2024,2024-09-09,197.3,6
left-bank,merlot,2024,2024-09-16,206.3,6
left-bank,merlot,2024,2024-09-23,213.3,4
left-bank,merlot,2026,2026-08-03,195.8,2
left-bank,merlot,2026,2026-08-10,225.9,3
left-bank,merlot,2026,2026-08-17,255.3,3
left-bank,merlot,2026,2026-08-24,248.0,3
right-bank,cabernet-sauvignon,2013,2013-08-26,117.5,2
right-bank,cabernet-sauvignon,2013,2013-09-02,154.5,2
right-bank,cabernet-sauvignon,2013,2013-09-09,190.8,2
right-bank,cabernet-sauvignon,2013,2013-09-16,191.0,2
right-bank,cabernet-sauvignon,2013,2013-09-23,208.0,2
right-bank,cabernet-sauvignon,2013,2013-09-30,227.5,2
right-bank,cabernet-sauvignon,2014,2014-08-18,110.3,2
right-bank,cabernet-sauvignon,2014,2014-08-25,143.5,2
right-bank,cabernet-sauvignon,2014,2014-09-01,161.5,2
right-bank,cabernet-sauvignon,2014,2014-09-08,184.0,2
right-bank,cabernet-sauvignon,2014,2014-09-15,201.5,2
right-bank,cabernet-sauvignon,2014,2014-09-21,207.5,2
right-bank,cabernet-sauvignon,2014,2014-09-29,217.5,2
right-bank,cabernet-sauvignon,2016,2016-08-22,126.0,2
right-bank,cabernet-sauvignon,2016,2016-08-29,166.5,2
right-bank,cabernet-sauvignon,2016,2016-09-05,195.0,2
right-bank,cabernet-sauvignon,2016,2016-09-12,212.0,2
right-bank,cabernet-sauvignon,2016,2016-09-19,221.0,2
right-bank,cabernet-sauvignon,2016,2016-09-26,234.0,2
right-bank,cabernet-sauvignon,2016,2016-10-03,234.0,2
right-bank,cabernet-sauvignon,2019,2019-08-26,184.0,1
right-bank,cabernet-sauvignon,2019,2019-09-02,208.0,1
right-bank,cabernet-sauvignon,2019,2019-09-24,242.0,1
right-bank,cabernet-sauvignon,2020,2020-08-17,186.0,1
right-bank,cabernet-sauvignon,2020,2020-08-24,194.0,1
right-bank,cabernet-sauvignon,2020,2020-08-31,214.0,1
right-bank,cabernet-sauvignon,2020,2020-09-07,227.0,1
right-bank,cabernet-sauvignon,2020,2020-09-14,254.0,1
right-bank,cabernet-sauvignon,2021,2021-08-30,180.0,1
right-bank,cabernet-sauvignon,2021,2021-09-06,191.0,1
right-bank,cabernet-sauvignon,2021,2021-09-13,206.0,1
right-bank,cabernet-sauvignon,2021,2021-09-20,203.0,1
right-bank,cabernet-sauvignon,2021,2021-09-27,214.0,1
right-bank,cabernet-sauvignon,2022,2022-08-16,154.0,1
right-bank,cabernet-sauvignon,2022,2022-08-22,191.0,1
right-bank,cabernet-sauvignon,2022,2022-08-29,223.0,1
right-bank,cabernet-sauvignon,2022,2022-09-02,208.0,1
right-bank,cabernet-sauvignon,2022,2022-09-05,235.0,1
right-bank,cabernet-sauvignon,2022,2022-09-12,244.0,1
right-bank,cabernet-sauvignon,2023,2023-08-16,200.0,1
right-bank,cabernet-sauvignon,2023,2023-08-21,185.0,1
right-bank,cabernet-sauvignon,2023,2023-08-28,185.0,1
right-bank,cabernet-sauvignon,2023,2023-09-04,207.0,1
right-bank,cabernet-sauvignon,2023,2023-09-11,233.0,1
right-bank,cabernet-sauvignon,2023,2023-09-18,242.0,1
right-bank,cabernet-sauvignon,2024,2024-09-02,174.0,2
right-bank,cabernet-sauvignon,2024,2024-09-09,185.0,2
right-bank,cabernet-sauvignon,2024,2024-09-16,201.0,2
right-bank,cabernet-sauvignon,2024,2024-09-23,212.0,2
right-bank,cabernet-sauvignon,2024,2024-09-30,218.0,2
right-bank,cabernet-sauvignon,2026,2026-08-03,175.0,1
right-bank,cabernet-sauvignon,2026,2026-08-10,204.0,1
right-bank,cabernet-sauvignon,2026,2026-08-17,227.0,1
right-bank,cabernet-sauvignon,2026,2026-08-24,234.0,1
right-bank,cabernet-sauvignon,2026,2026-08-31,238.0,1
right-bank,merlot,2013,2013-08-26,135.0,2
right-bank,merlot,2013,2013-09-02,172.5,2
right-bank,merlot,2013,2013-09-09,210.1,2
right-bank,merlot,2013,2013-09-16,210.5,2
right-bank,merlot,2013,2013-09-23,232.5,2
right-bank,merlot,2013,2013-09-30,222.7,2
right-bank,merlot,2014,2014-08-18,139.2,2
right-bank,merlot,2014,2014-08-25,152.8,2
right-bank,merlot,2014,2014-09-01,173.0,2
right-bank,merlot,2014,2014-09-08,202.0,2
right-bank,merlot,2014,2014-09-15,211.9,2
right-bank,merlot,2014,2014-09-21,231.8,2
right-bank,merlot,2016,2016-08-22,157.0,2
right-bank,merlot,2016,2016-08-29,197.5,2
right-bank,merlot,2016,2016-09-05,210.5,2
right-bank,merlot,2016,2016-09-12,242.5,2
right-bank,merlot,2016,2016-09-19,250.0,2
right-bank,merlot,2016,2016-09-26,257.5,2
right-bank,merlot,2016,2016-10-03,257.5,2
right-bank,merlot,2019,2019-08-19,178.0,1
right-bank,merlot,2019,2019-08-26,206.0,1
right-bank,merlot,2019,2019-09-02,221.0,1
right-bank,merlot,2019,2019-09-16,249.0,2
right-bank,merlot,2019,2019-09-23,258.0,1
right-bank,merlot,2019,2019-09-30,251.0,1
right-bank,merlot,2020,2020-08-17,201.0,1
right-bank,merlot,2020,2020-08-24,208.0,1
right-bank,merlot,2020,2020-08-31,218.0,1
right-bank,merlot,2020,2020-09-07,235.0,1
right-bank,merlot,2021,2021-08-30,190.0,1
right-bank,merlot,2021,2021-09-06,201.0,1
right-bank,merlot,2021,2021-09-13,205.0,1
right-bank,merlot,2021,2021-09-20,205.0,1
right-bank,merlot,2021,2021-09-27,213.0,1
right-bank,merlot,2022,2022-08-16,212.0,1
right-bank,merlot,2022,2022-08-22,216.0,1
right-bank,merlot,2022,2022-08-29,242.0,1
right-bank,merlot,2022,2022-09-02,221.0,1
right-bank,merlot,2022,2022-09-05,245.0,1
right-bank,merlot,2023,2023-08-16,167.0,1
right-bank,merlot,2023,2023-08-21,208.0,1
right-bank,merlot,2023,2023-08-28,208.0,1
right-bank,merlot,2023,2023-09-04,222.0,1
right-bank,merlot,2024,2024-09-02,194.0,2
right-bank,merlot,2024,2024-09-09,206.0,2
right-bank,merlot,2024,2024-09-16,211.0,2
right-bank,merlot,2024,2024-09-23,217.0,2
right-bank,merlot,2026,2026-08-03,174.0,1
right-bank,merlot,2026,2026-08-10,206.0,1
right-bank,merlot,2026,2026-08-17,257.0,1
right-bank,merlot,2026,2026-08-24,254.0,1
