# Mean must at harvest for Champagne as a whole, per grape and year (Union des Maisons de
# Champagne, "Caractéristiques du raisin"; champagne_must.py): potential alcohol x 16.83 g/L,
# dated to the middle of the picking fortnight, repeated for each sub-region. plots: 1.
area,grape,year,date,sugar,plots
montagne-de-reims,chardonnay,1959,1959-09-17,206.2,1
vallee-de-la-marne,chardonnay,1959,1959-09-17,206.2,1
cote-des-blancs,chardonnay,1959,1959-09-17,206.2,1
cote-des-bar,chardonnay,1959,1959-09-17,206.2,1
montagne-de-reims,meunier,1959,1959-09-17,197.8,1
vallee-de-la-marne,meunier,1959,1959-09-17,197.8,1
cote-des-blancs,meunier,1959,1959-09-17,197.8,1
cote-des-bar,meunier,1959,1959-09-17,197.8,1
montagne-de-reims,pinot-noir,1959,1959-09-17,205.3,1
vallee-de-la-marne,pinot-noir,1959,1959-09-17,205.3,1
cote-des-blancs,pinot-noir,1959,1959-09-17,205.3,1
cote-des-bar,pinot-noir,1959,1959-09-17,205.3,1
montagne-de-reims,chardonnay,1960,1960-09-19,138.8,1
vallee-de-la-marne,chardonnay,1960,1960-09-19,138.8,1
cote-des-blancs,chardonnay,1960,1960-09-19,138.8,1
cote-des-bar,chardonnay,1960,1960-09-19,138.8,1
montagne-de-reims,meunier,1960,1960-09-19,141.4,1
vallee-de-la-marne,meunier,1960,1960-09-19,141.4,1
cote-des-blancs,meunier,1960,1960-09-19,141.4,1
cote-des-bar,meunier,1960,1960-09-19,141.4,1
montagne-de-reims,pinot-noir,1960,1960-09-19,142.2,1
vallee-de-la-marne,pinot-noir,1960,1960-09-19,142.2,1
cote-des-blancs,pinot-noir,1960,1960-09-19,142.2,1
cote-des-bar,pinot-noir,1960,1960-09-19,142.2,1
montagne-de-reims,chardonnay,1961,1961-09-28,171.7,1
vallee-de-la-marne,chardonnay,1961,1961-09-28,171.7,1
cote-des-blancs,chardonnay,1961,1961-09-28,171.7,1
cote-des-bar,chardonnay,1961,1961-09-28,171.7,1
montagne-de-reims,meunier,1961,1961-09-28,165.8,1
vallee-de-la-marne,meunier,1961,1961-09-28,165.8,1
cote-des-blancs,meunier,1961,1961-09-28,165.8,1
cote-des-bar,meunier,1961,1961-09-28,165.8,1
montagne-de-reims,pinot-noir,1961,1961-09-28,169.1,1
vallee-de-la-marne,pinot-noir,1961,1961-09-28,169.1,1
cote-des-blancs,pinot-noir,1961,1961-09-28,169.1,1
cote-des-bar,pinot-noir,1961,1961-09-28,169.1,1
montagne-de-reims,chardonnay,1962,1962-10-12,193.5,1
vallee-de-la-marne,chardonnay,1962,1962-10-12,193.5,1
cote-des-blancs,chardonnay,1962,1962-10-12,193.5,1
cote-des-bar,chardonnay,1962,1962-10-12,193.5,1
montagne-de-reims,meunier,1962,1962-10-12,173.3,1
vallee-de-la-marne,meunier,1962,1962-10-12,173.3,1
cote-des-blancs,meunier,1962,1962-10-12,173.3,1
cote-des-bar,meunier,1962,1962-10-12,173.3,1
montagne-de-reims,pinot-noir,1962,1962-10-12,189.3,1
vallee-de-la-marne,pinot-noir,1962,1962-10-12,189.3,1
cote-des-blancs,pinot-noir,1962,1962-10-12,189.3,1
cote-des-bar,pinot-noir,1962,1962-10-12,189.3,1
montagne-de-reims,chardonnay,1963,1963-10-13,143.1,1
vallee-de-la-marne,chardonnay,1963,1963-10-13,143.1,1
cote-des-blancs,chardonnay,1963,1963-10-13,143.1,1
cote-des-bar,chardonnay,1963,1963-10-13,143.1,1
montagne-de-reims,meunier,1963,1963-10-13,138.8,1
vallee-de-la-marne,meunier,1963,1963-10-13,138.8,1
cote-des-blancs,meunier,1963,1963-10-13,138.8,1
cote-des-bar,meunier,1963,1963-10-13,138.8,1
montagne-de-reims,pinot-noir,1963,1963-10-13,143.1,1
vallee-de-la-marne,pinot-noir,1963,1963-10-13,143.1,1
cote-des-blancs,pinot-noir,1963,1963-10-13,143.1,1
cote-des-bar,pinot-noir,1963,1963-10-13,143.1,1
montagne-de-reims,chardonnay,1964,1964-09-23,186.0,1
vallee-de-la-marne,chardonnay,1964,1964-09-23,186.0,1
cote-des-blancs,chardonnay,1964,1964-09-23,186.0,1
cote-des-bar,chardonnay,1964,1964-09-23,186.0,1
montagne-de-reims,meunier,1964,1964-09-23,175.9,1
vallee-de-la-marne,meunier,1964,1964-09-23,175.9,1
cote-des-blancs,meunier,1964,1964-09-23,175.9,1
cote-des-bar,meunier,1964,1964-09-23,175.9,1
montagne-de-reims,pinot-noir,1964,1964-09-23,173.3,1
vallee-de-la-marne,pinot-noir,1964,1964-09-23,173.3,1
cote-des-blancs,pinot-noir,1964,1964-09-23,173.3,1
cote-des-bar,pinot-noir,1964,1964-09-23,173.3,1
montagne-de-reims,chardonnay,1965,1965-10-16,141.4,1
vallee-de-la-marne,chardonnay,1965,1965-10-16,141.4,1
cote-des-blancs,chardonnay,1965,1965-10-16,141.4,1
cote-des-bar,chardonnay,1965,1965-10-16,141.4,1
montagne-de-reims,meunier,1965,1965-10-16,144.7,1
vallee-de-la-marne,meunier,1965,1965-10-16,144.7,1
cote-des-blancs,meunier,1965,1965-10-16,144.7,1
cote-des-bar,meunier,1965,1965-10-16,144.7,1
montagne-de-reims,pinot-noir,1965,1965-10-16,143.1,1
vallee-de-la-marne,pinot-noir,1965,1965-10-16,143.1,1
cote-des-blancs,pinot-noir,1965,1965-10-16,143.1,1
cote-des-bar,pinot-noir,1965,1965-10-16,143.1,1
montagne-de-reims,chardonnay,1966,1966-09-29,175.9,1
vallee-de-la-marne,chardonnay,1966,1966-09-29,175.9,1
cote-des-blancs,chardonnay,1966,1966-09-29,175.9,1
cote-des-bar,chardonnay,1966,1966-09-29,175.9,1
montagne-de-reims,meunier,1966,1966-09-29,171.7,1
vallee-de-la-marne,meunier,1966,1966-09-29,171.7,1
cote-des-blancs,meunier,1966,1966-09-29,171.7,1
cote-des-bar,meunier,1966,1966-09-29,171.7,1
montagne-de-reims,pinot-noir,1966,1966-09-29,178.4,1
vallee-de-la-marne,pinot-noir,1966,1966-09-29,178.4,1
cote-des-blancs,pinot-noir,1966,1966-09-29,178.4,1
cote-des-bar,pinot-noir,1966,1966-09-29,178.4,1
montagne-de-reims,chardonnay,1967,1967-10-05,172.5,1
vallee-de-la-marne,chardonnay,1967,1967-10-05,172.5,1
cote-des-blancs,chardonnay,1967,1967-10-05,172.5,1
cote-des-bar,chardonnay,1967,1967-10-05,172.5,1
montagne-de-reims,meunier,1967,1967-10-05,159.0,1
vallee-de-la-marne,meunier,1967,1967-10-05,159.0,1
cote-des-blancs,meunier,1967,1967-10-05,159.0,1
cote-des-bar,meunier,1967,1967-10-05,159.0,1
montagne-de-reims,pinot-noir,1967,1967-10-05,174.2,1
vallee-de-la-marne,pinot-noir,1967,1967-10-05,174.2,1
cote-des-blancs,pinot-noir,1967,1967-10-05,174.2,1
cote-des-bar,pinot-noir,1967,1967-10-05,174.2,1
montagne-de-reims,chardonnay,1968,1968-10-10,138.8,1
vallee-de-la-marne,chardonnay,1968,1968-10-10,138.8,1
cote-des-blancs,chardonnay,1968,1968-10-10,138.8,1
cote-des-bar,chardonnay,1968,1968-10-10,138.8,1
montagne-de-reims,meunier,1968,1968-10-10,143.1,1
vallee-de-la-marne,meunier,1968,1968-10-10,143.1,1
cote-des-blancs,meunier,1968,1968-10-10,143.1,1
cote-des-bar,meunier,1968,1968-10-10,143.1,1
montagne-de-reims,pinot-noir,1968,1968-10-10,145.6,1
vallee-de-la-marne,pinot-noir,1968,1968-10-10,145.6,1
cote-des-blancs,pinot-noir,1968,1968-10-10,145.6,1
cote-des-bar,pinot-noir,1968,1968-10-10,145.6,1
montagne-de-reims,chardonnay,1969,1969-10-08,175.0,1
vallee-de-la-marne,chardonnay,1969,1969-10-08,175.0,1
cote-des-blancs,chardonnay,1969,1969-10-08,175.0,1
cote-des-bar,chardonnay,1969,1969-10-08,175.0,1
montagne-de-reims,meunier,1969,1969-10-08,162.4,1
vallee-de-la-marne,meunier,1969,1969-10-08,162.4,1
cote-des-blancs,meunier,1969,1969-10-08,162.4,1
cote-des-bar,meunier,1969,1969-10-08,162.4,1
montagne-de-reims,pinot-noir,1969,1969-10-08,170.8,1
vallee-de-la-marne,pinot-noir,1969,1969-10-08,170.8,1
cote-des-blancs,pinot-noir,1969,1969-10-08,170.8,1
cote-des-bar,pinot-noir,1969,1969-10-08,170.8,1
montagne-de-reims,chardonnay,1970,1970-10-04,158.2,1
vallee-de-la-marne,chardonnay,1970,1970-10-04,158.2,1
cote-des-blancs,chardonnay,1970,1970-10-04,158.2,1
cote-des-bar,chardonnay,1970,1970-10-04,158.2,1
montagne-de-reims,meunier,1970,1970-10-04,156.5,1
vallee-de-la-marne,meunier,1970,1970-10-04,156.5,1
cote-des-blancs,meunier,1970,1970-10-04,156.5,1
cote-des-bar,meunier,1970,1970-10-04,156.5,1
montagne-de-reims,pinot-noir,1970,1970-10-04,155.7,1
vallee-de-la-marne,pinot-noir,1970,1970-10-04,155.7,1
cote-des-blancs,pinot-noir,1970,1970-10-04,155.7,1
cote-des-bar,pinot-noir,1970,1970-10-04,155.7,1
montagne-de-reims,chardonnay,1971,1971-09-25,175.0,1
vallee-de-la-marne,chardonnay,1971,1971-09-25,175.0,1
cote-des-blancs,chardonnay,1971,1971-09-25,175.0,1
cote-des-bar,chardonnay,1971,1971-09-25,175.0,1
montagne-de-reims,meunier,1971,1971-09-25,175.9,1
vallee-de-la-marne,meunier,1971,1971-09-25,175.9,1
cote-des-blancs,meunier,1971,1971-09-25,175.9,1
cote-des-bar,meunier,1971,1971-09-25,175.9,1
montagne-de-reims,pinot-noir,1971,1971-09-25,185.1,1
vallee-de-la-marne,pinot-noir,1971,1971-09-25,185.1,1
cote-des-blancs,pinot-noir,1971,1971-09-25,185.1,1
cote-des-bar,pinot-noir,1971,1971-09-25,185.1,1
montagne-de-reims,chardonnay,1972,1972-10-09,126.2,1
vallee-de-la-marne,chardonnay,1972,1972-10-09,126.2,1
cote-des-blancs,chardonnay,1972,1972-10-09,126.2,1
cote-des-bar,chardonnay,1972,1972-10-09,126.2,1
montagne-de-reims,meunier,1972,1972-10-09,138.0,1
vallee-de-la-marne,meunier,1972,1972-10-09,138.0,1
cote-des-blancs,meunier,1972,1972-10-09,138.0,1
cote-des-bar,meunier,1972,1972-10-09,138.0,1
montagne-de-reims,pinot-noir,1972,1972-10-09,138.0,1
vallee-de-la-marne,pinot-noir,1972,1972-10-09,138.0,1
cote-des-blancs,pinot-noir,1972,1972-10-09,138.0,1
cote-des-bar,pinot-noir,1972,1972-10-09,138.0,1
montagne-de-reims,chardonnay,1973,1973-10-05,159.9,1
vallee-de-la-marne,chardonnay,1973,1973-10-05,159.9,1
cote-des-blancs,chardonnay,1973,1973-10-05,159.9,1
cote-des-bar,chardonnay,1973,1973-10-05,159.9,1
montagne-de-reims,meunier,1973,1973-10-05,151.5,1
vallee-de-la-marne,meunier,1973,1973-10-05,151.5,1
cote-des-blancs,meunier,1973,1973-10-05,151.5,1
cote-des-bar,meunier,1973,1973-10-05,151.5,1
montagne-de-reims,pinot-noir,1973,1973-10-05,151.5,1
vallee-de-la-marne,pinot-noir,1973,1973-10-05,151.5,1
cote-des-blancs,pinot-noir,1973,1973-10-05,151.5,1
cote-des-bar,pinot-noir,1973,1973-10-05,151.5,1
montagne-de-reims,chardonnay,1974,1974-10-05,151.5,1
vallee-de-la-marne,chardonnay,1974,1974-10-05,151.5,1
cote-des-blancs,chardonnay,1974,1974-10-05,151.5,1
cote-des-bar,chardonnay,1974,1974-10-05,151.5,1
montagne-de-reims,meunier,1974,1974-10-05,144.7,1
vallee-de-la-marne,meunier,1974,1974-10-05,144.7,1
cote-des-blancs,meunier,1974,1974-10-05,144.7,1
cote-des-bar,meunier,1974,1974-10-05,144.7,1
montagne-de-reims,pinot-noir,1974,1974-10-05,154.0,1
vallee-de-la-marne,pinot-noir,1974,1974-10-05,154.0,1
cote-des-blancs,pinot-noir,1974,1974-10-05,154.0,1
cote-des-bar,pinot-noir,1974,1974-10-05,154.0,1
montagne-de-reims,chardonnay,1975,1975-10-09,168.3,1
vallee-de-la-marne,chardonnay,1975,1975-10-09,168.3,1
cote-des-blancs,chardonnay,1975,1975-10-09,168.3,1
cote-des-bar,chardonnay,1975,1975-10-09,168.3,1
montagne-de-reims,meunier,1975,1975-10-09,161.6,1
vallee-de-la-marne,meunier,1975,1975-10-09,161.6,1
cote-des-blancs,meunier,1975,1975-10-09,161.6,1
cote-des-bar,meunier,1975,1975-10-09,161.6,1
montagne-de-reims,pinot-noir,1975,1975-10-09,164.1,1
vallee-de-la-marne,pinot-noir,1975,1975-10-09,164.1,1
cote-des-blancs,pinot-noir,1975,1975-10-09,164.1,1
cote-des-bar,pinot-noir,1975,1975-10-09,164.1,1
montagne-de-reims,chardonnay,1976,1976-09-08,189.3,1
vallee-de-la-marne,chardonnay,1976,1976-09-08,189.3,1
cote-des-blancs,chardonnay,1976,1976-09-08,189.3,1
cote-des-bar,chardonnay,1976,1976-09-08,189.3,1
montagne-de-reims,meunier,1976,1976-09-08,166.6,1
vallee-de-la-marne,meunier,1976,1976-09-08,166.6,1
cote-des-blancs,meunier,1976,1976-09-08,166.6,1
cote-des-bar,meunier,1976,1976-09-08,166.6,1
montagne-de-reims,pinot-noir,1976,1976-09-08,176.7,1
vallee-de-la-marne,pinot-noir,1976,1976-09-08,176.7,1
cote-des-blancs,pinot-noir,1976,1976-09-08,176.7,1
cote-des-bar,pinot-noir,1976,1976-09-08,176.7,1
montagne-de-reims,chardonnay,1977,1977-10-14,143.1,1
vallee-de-la-marne,chardonnay,1977,1977-10-14,143.1,1
cote-des-blancs,chardonnay,1977,1977-10-14,143.1,1
cote-des-bar,chardonnay,1977,1977-10-14,143.1,1
montagne-de-reims,meunier,1977,1977-10-14,149.8,1
vallee-de-la-marne,meunier,1977,1977-10-14,149.8,1
cote-des-blancs,meunier,1977,1977-10-14,149.8,1
cote-des-bar,meunier,1977,1977-10-14,149.8,1
montagne-de-reims,pinot-noir,1977,1977-10-14,154.8,1
vallee-de-la-marne,pinot-noir,1977,1977-10-14,154.8,1
cote-des-blancs,pinot-noir,1977,1977-10-14,154.8,1
cote-des-bar,pinot-noir,1977,1977-10-14,154.8,1
montagne-de-reims,chardonnay,1978,1978-10-15,161.6,1
vallee-de-la-marne,chardonnay,1978,1978-10-15,161.6,1
cote-des-blancs,chardonnay,1978,1978-10-15,161.6,1
cote-des-bar,chardonnay,1978,1978-10-15,161.6,1
montagne-de-reims,meunier,1978,1978-10-15,159.9,1
vallee-de-la-marne,meunier,1978,1978-10-15,159.9,1
cote-des-blancs,meunier,1978,1978-10-15,159.9,1
cote-des-bar,meunier,1978,1978-10-15,159.9,1
montagne-de-reims,pinot-noir,1978,1978-10-15,166.6,1
vallee-de-la-marne,pinot-noir,1978,1978-10-15,166.6,1
cote-des-blancs,pinot-noir,1978,1978-10-15,166.6,1
cote-des-bar,pinot-noir,1978,1978-10-15,166.6,1
montagne-de-reims,chardonnay,1979,1979-10-10,158.2,1
vallee-de-la-marne,chardonnay,1979,1979-10-10,158.2,1
cote-des-blancs,chardonnay,1979,1979-10-10,158.2,1
cote-des-bar,chardonnay,1979,1979-10-10,158.2,1
montagne-de-reims,meunier,1979,1979-10-10,151.5,1
vallee-de-la-marne,meunier,1979,1979-10-10,151.5,1
cote-des-blancs,meunier,1979,1979-10-10,151.5,1
cote-des-bar,meunier,1979,1979-10-10,151.5,1
montagne-de-reims,pinot-noir,1979,1979-10-10,156.5,1
vallee-de-la-marne,pinot-noir,1979,1979-10-10,156.5,1
cote-des-blancs,pinot-noir,1979,1979-10-10,156.5,1
cote-des-bar,pinot-noir,1979,1979-10-10,156.5,1
montagne-de-reims,chardonnay,1980,1980-10-15,156.5,1
vallee-de-la-marne,chardonnay,1980,1980-10-15,156.5,1
cote-des-blancs,chardonnay,1980,1980-10-15,156.5,1
cote-des-bar,chardonnay,1980,1980-10-15,156.5,1
montagne-de-reims,meunier,1980,1980-10-15,159.9,1
vallee-de-la-marne,meunier,1980,1980-10-15,159.9,1
cote-des-blancs,meunier,1980,1980-10-15,159.9,1
cote-des-bar,meunier,1980,1980-10-15,159.9,1
montagne-de-reims,pinot-noir,1980,1980-10-15,161.6,1
vallee-de-la-marne,pinot-noir,1980,1980-10-15,161.6,1
cote-des-blancs,pinot-noir,1980,1980-10-15,161.6,1
cote-des-bar,pinot-noir,1980,1980-10-15,161.6,1
montagne-de-reims,chardonnay,1981,1981-10-07,161.6,1
vallee-de-la-marne,chardonnay,1981,1981-10-07,161.6,1
cote-des-blancs,chardonnay,1981,1981-10-07,161.6,1
cote-des-bar,chardonnay,1981,1981-10-07,161.6,1
montagne-de-reims,meunier,1981,1981-10-07,164.9,1
vallee-de-la-marne,meunier,1981,1981-10-07,164.9,1
cote-des-blancs,meunier,1981,1981-10-07,164.9,1
cote-des-bar,meunier,1981,1981-10-07,164.9,1
montagne-de-reims,pinot-noir,1981,1981-10-07,164.9,1
vallee-de-la-marne,pinot-noir,1981,1981-10-07,164.9,1
cote-des-blancs,pinot-noir,1981,1981-10-07,164.9,1
cote-des-bar,pinot-noir,1981,1981-10-07,164.9,1
montagne-de-reims,chardonnay,1982,1982-09-29,164.1,1
vallee-de-la-marne,chardonnay,1982,1982-09-29,164.1,1
cote-des-blancs,chardonnay,1982,1982-09-29,164.1,1
cote-des-bar,chardonnay,1982,1982-09-29,164.1,1
montagne-de-reims,meunier,1982,1982-09-29,147.3,1
vallee-de-la-marne,meunier,1982,1982-09-29,147.3,1
cote-des-blancs,meunier,1982,1982-09-29,147.3,1
cote-des-bar,meunier,1982,1982-09-29,147.3,1
montagne-de-reims,pinot-noir,1982,1982-09-29,154.0,1
vallee-de-la-marne,pinot-noir,1982,1982-09-29,154.0,1
cote-des-blancs,pinot-noir,1982,1982-09-29,154.0,1
cote-des-bar,pinot-noir,1982,1982-09-29,154.0,1
montagne-de-reims,chardonnay,1983,1983-10-05,159.0,1
vallee-de-la-marne,chardonnay,1983,1983-10-05,159.0,1
cote-des-blancs,chardonnay,1983,1983-10-05,159.0,1
cote-des-bar,chardonnay,1983,1983-10-05,159.0,1
montagne-de-reims,meunier,1983,1983-10-05,151.5,1
vallee-de-la-marne,meunier,1983,1983-10-05,151.5,1
cote-des-blancs,meunier,1983,1983-10-05,151.5,1
cote-des-bar,meunier,1983,1983-10-05,151.5,1
montagne-de-reims,pinot-noir,1983,1983-10-05,151.5,1
vallee-de-la-marne,pinot-noir,1983,1983-10-05,151.5,1
cote-des-blancs,pinot-noir,1983,1983-10-05,151.5,1
cote-des-bar,pinot-noir,1983,1983-10-05,151.5,1
montagne-de-reims,chardonnay,1984,1984-10-14,129.6,1
vallee-de-la-marne,chardonnay,1984,1984-10-14,129.6,1
cote-des-blancs,chardonnay,1984,1984-10-14,129.6,1
cote-des-bar,chardonnay,1984,1984-10-14,129.6,1
montagne-de-reims,meunier,1984,1984-10-14,122.9,1
vallee-de-la-marne,meunier,1984,1984-10-14,122.9,1
cote-des-blancs,meunier,1984,1984-10-14,122.9,1
cote-des-bar,meunier,1984,1984-10-14,122.9,1
montagne-de-reims,pinot-noir,1984,1984-10-14,122.9,1
vallee-de-la-marne,pinot-noir,1984,1984-10-14,122.9,1
cote-des-blancs,pinot-noir,1984,1984-10-14,122.9,1
cote-des-bar,pinot-noir,1984,1984-10-14,122.9,1
montagne-de-reims,chardonnay,1985,1985-10-07,162.4,1
vallee-de-la-marne,chardonnay,1985,1985-10-07,162.4,1
cote-des-blancs,chardonnay,1985,1985-10-07,162.4,1
cote-des-bar,chardonnay,1985,1985-10-07,162.4,1
montagne-de-reims,meunier,1985,1985-10-07,165.8,1
vallee-de-la-marne,meunier,1985,1985-10-07,165.8,1
cote-des-blancs,meunier,1985,1985-10-07,165.8,1
cote-des-bar,meunier,1985,1985-10-07,165.8,1
montagne-de-reims,pinot-noir,1985,1985-10-07,168.3,1
vallee-de-la-marne,pinot-noir,1985,1985-10-07,168.3,1
cote-des-blancs,pinot-noir,1985,1985-10-07,168.3,1
cote-des-bar,pinot-noir,1985,1985-10-07,168.3,1
montagne-de-reims,chardonnay,1986,1986-10-07,158.2,1
vallee-de-la-marne,chardonnay,1986,1986-10-07,158.2,1
cote-des-blancs,chardonnay,1986,1986-10-07,158.2,1
cote-des-bar,chardonnay,1986,1986-10-07,158.2,1
montagne-de-reims,meunier,1986,1986-10-07,151.5,1
vallee-de-la-marne,meunier,1986,1986-10-07,151.5,1
cote-des-blancs,meunier,1986,1986-10-07,151.5,1
cote-des-bar,meunier,1986,1986-10-07,151.5,1
montagne-de-reims,pinot-noir,1986,1986-10-07,151.5,1
vallee-de-la-marne,pinot-noir,1986,1986-10-07,151.5,1
cote-des-blancs,pinot-noir,1986,1986-10-07,151.5,1
cote-des-bar,pinot-noir,1986,1986-10-07,151.5,1
montagne-de-reims,chardonnay,1987,1987-10-14,131.3,1
vallee-de-la-marne,chardonnay,1987,1987-10-14,131.3,1
cote-des-blancs,chardonnay,1987,1987-10-14,131.3,1
cote-des-bar,chardonnay,1987,1987-10-14,131.3,1
montagne-de-reims,meunier,1987,1987-10-14,141.4,1
vallee-de-la-marne,meunier,1987,1987-10-14,141.4,1
cote-des-blancs,meunier,1987,1987-10-14,141.4,1
cote-des-bar,meunier,1987,1987-10-14,141.4,1
montagne-de-reims,pinot-noir,1987,1987-10-14,148.1,1
vallee-de-la-marne,pinot-noir,1987,1987-10-14,148.1,1
cote-des-blancs,pinot-noir,1987,1987-10-14,148.1,1
cote-des-bar,pinot-noir,1987,1987-10-14,148.1,1
montagne-de-reims,chardonnay,1988,1988-10-08,158.2,1
vallee-de-la-marne,chardonnay,1988,1988-10-08,158.2,1
cote-des-blancs,chardonnay,1988,1988-10-08,158.2,1
cote-des-bar,chardonnay,1988,1988-10-08,158.2,1
montagne-de-reims,meunier,1988,1988-10-08,151.5,1
vallee-de-la-marne,meunier,1988,1988-10-08,151.5,1
cote-des-blancs,meunier,1988,1988-10-08,151.5,1
cote-des-bar,meunier,1988,1988-10-08,151.5,1
montagne-de-reims,pinot-noir,1988,1988-10-08,154.8,1
vallee-de-la-marne,pinot-noir,1988,1988-10-08,154.8,1
cote-des-blancs,pinot-noir,1988,1988-10-08,154.8,1
cote-des-bar,pinot-noir,1988,1988-10-08,154.8,1
montagne-de-reims,chardonnay,1989,1989-09-16,187.7,1
vallee-de-la-marne,chardonnay,1989,1989-09-16,187.7,1
cote-des-blancs,chardonnay,1989,1989-09-16,187.7,1
cote-des-bar,chardonnay,1989,1989-09-16,187.7,1
montagne-de-reims,meunier,1989,1989-09-22,169.1,1
vallee-de-la-marne,meunier,1989,1989-09-22,169.1,1
cote-des-blancs,meunier,1989,1989-09-22,169.1,1
cote-des-bar,meunier,1989,1989-09-22,169.1,1
montagne-de-reims,pinot-noir,1989,1989-09-20,164.9,1
vallee-de-la-marne,pinot-noir,1989,1989-09-20,164.9,1
cote-des-blancs,pinot-noir,1989,1989-09-20,164.9,1
cote-des-bar,pinot-noir,1989,1989-09-20,164.9,1
montagne-de-reims,chardonnay,1990,1990-09-21,178.4,1
vallee-de-la-marne,chardonnay,1990,1990-09-21,178.4,1
cote-des-blancs,chardonnay,1990,1990-09-21,178.4,1
cote-des-bar,chardonnay,1990,1990-09-21,178.4,1
montagne-de-reims,meunier,1990,1990-09-24,178.4,1
vallee-de-la-marne,meunier,1990,1990-09-24,178.4,1
cote-des-blancs,meunier,1990,1990-09-24,178.4,1
cote-des-bar,meunier,1990,1990-09-24,178.4,1
montagne-de-reims,pinot-noir,1990,1990-09-24,180.9,1
vallee-de-la-marne,pinot-noir,1990,1990-09-24,180.9,1
cote-des-blancs,pinot-noir,1990,1990-09-24,180.9,1
cote-des-bar,pinot-noir,1990,1990-09-24,180.9,1
montagne-de-reims,chardonnay,1991,1991-10-08,154.8,1
vallee-de-la-marne,chardonnay,1991,1991-10-08,154.8,1
cote-des-blancs,chardonnay,1991,1991-10-08,154.8,1
cote-des-bar,chardonnay,1991,1991-10-08,154.8,1
montagne-de-reims,meunier,1991,1991-10-10,156.5,1
vallee-de-la-marne,meunier,1991,1991-10-10,156.5,1
cote-des-blancs,meunier,1991,1991-10-10,156.5,1
cote-des-bar,meunier,1991,1991-10-10,156.5,1
montagne-de-reims,pinot-noir,1991,1991-10-08,149.8,1
vallee-de-la-marne,pinot-noir,1991,1991-10-08,149.8,1
cote-des-blancs,pinot-noir,1991,1991-10-08,149.8,1
cote-des-bar,pinot-noir,1991,1991-10-08,149.8,1
montagne-de-reims,chardonnay,1992,1992-09-23,174.2,1
vallee-de-la-marne,chardonnay,1992,1992-09-23,174.2,1
cote-des-blancs,chardonnay,1992,1992-09-23,174.2,1
cote-des-bar,chardonnay,1992,1992-09-23,174.2,1
montagne-de-reims,meunier,1992,1992-09-27,165.3,1
vallee-de-la-marne,meunier,1992,1992-09-27,165.3,1
cote-des-blancs,meunier,1992,1992-09-27,165.3,1
cote-des-bar,meunier,1992,1992-09-27,165.3,1
montagne-de-reims,pinot-noir,1992,1992-09-27,172.8,1
vallee-de-la-marne,pinot-noir,1992,1992-09-27,172.8,1
cote-des-blancs,pinot-noir,1992,1992-09-27,172.8,1
cote-des-bar,pinot-noir,1992,1992-09-27,172.8,1
montagne-de-reims,chardonnay,1993,1993-09-19,158.0,1
vallee-de-la-marne,chardonnay,1993,1993-09-19,158.0,1
cote-des-blancs,chardonnay,1993,1993-09-19,158.0,1
cote-des-bar,chardonnay,1993,1993-09-19,158.0,1
montagne-de-reims,meunier,1993,1993-09-21,154.3,1
vallee-de-la-marne,meunier,1993,1993-09-21,154.3,1
cote-des-blancs,meunier,1993,1993-09-21,154.3,1
cote-des-bar,meunier,1993,1993-09-21,154.3,1
montagne-de-reims,pinot-noir,1993,1993-09-22,153.5,1
vallee-de-la-marne,pinot-noir,1993,1993-09-22,153.5,1
cote-des-blancs,pinot-noir,1993,1993-09-22,153.5,1
cote-des-bar,pinot-noir,1993,1993-09-22,153.5,1
montagne-de-reims,chardonnay,1994,1994-09-25,156.5,1
vallee-de-la-marne,chardonnay,1994,1994-09-25,156.5,1
cote-des-blancs,chardonnay,1994,1994-09-25,156.5,1
cote-des-bar,chardonnay,1994,1994-09-25,156.5,1
montagne-de-reims,meunier,1994,1994-09-26,156.5,1
vallee-de-la-marne,meunier,1994,1994-09-26,156.5,1
cote-des-blancs,meunier,1994,1994-09-26,156.5,1
cote-des-bar,meunier,1994,1994-09-26,156.5,1
montagne-de-reims,pinot-noir,1994,1994-09-26,153.2,1
vallee-de-la-marne,pinot-noir,1994,1994-09-26,153.2,1
cote-des-blancs,pinot-noir,1994,1994-09-26,153.2,1
cote-des-bar,pinot-noir,1994,1994-09-26,153.2,1
montagne-de-reims,chardonnay,1995,1995-09-29,164.9,1
vallee-de-la-marne,chardonnay,1995,1995-09-29,164.9,1
cote-des-blancs,chardonnay,1995,1995-09-29,164.9,1
cote-des-bar,chardonnay,1995,1995-09-29,164.9,1
montagne-de-reims,meunier,1995,1995-10-03,156.5,1
vallee-de-la-marne,meunier,1995,1995-10-03,156.5,1
cote-des-blancs,meunier,1995,1995-10-03,156.5,1
cote-des-bar,meunier,1995,1995-10-03,156.5,1
montagne-de-reims,pinot-noir,1995,1995-10-03,153.2,1
vallee-de-la-marne,pinot-noir,1995,1995-10-03,153.2,1
cote-des-blancs,pinot-noir,1995,1995-10-03,153.2,1
cote-des-bar,pinot-noir,1995,1995-10-03,153.2,1
montagne-de-reims,chardonnay,1996,1996-09-28,178.4,1
vallee-de-la-marne,chardonnay,1996,1996-09-28,178.4,1
cote-des-blancs,chardonnay,1996,1996-09-28,178.4,1
cote-des-bar,chardonnay,1996,1996-09-28,178.4,1
montagne-de-reims,meunier,1996,1996-09-30,170.0,1
vallee-de-la-marne,meunier,1996,1996-09-30,170.0,1
cote-des-blancs,meunier,1996,1996-09-30,170.0,1
cote-des-bar,meunier,1996,1996-09-30,170.0,1
montagne-de-reims,pinot-noir,1996,1996-09-29,173.3,1
vallee-de-la-marne,pinot-noir,1996,1996-09-29,173.3,1
cote-des-blancs,pinot-noir,1996,1996-09-29,173.3,1
cote-des-bar,pinot-noir,1996,1996-09-29,173.3,1
montagne-de-reims,chardonnay,1997,1997-09-28,168.3,1
vallee-de-la-marne,chardonnay,1997,1997-09-28,168.3,1
cote-des-blancs,chardonnay,1997,1997-09-28,168.3,1
cote-des-bar,chardonnay,1997,1997-09-28,168.3,1
montagne-de-reims,meunier,1997,1997-09-23,173.3,1
vallee-de-la-marne,meunier,1997,1997-09-23,173.3,1
cote-des-blancs,meunier,1997,1997-09-23,173.3,1
cote-des-bar,meunier,1997,1997-09-23,173.3,1
montagne-de-reims,pinot-noir,1997,1997-09-25,173.3,1
vallee-de-la-marne,pinot-noir,1997,1997-09-25,173.3,1
cote-des-blancs,pinot-noir,1997,1997-09-25,173.3,1
cote-des-bar,pinot-noir,1997,1997-09-25,173.3,1
montagne-de-reims,chardonnay,1998,1998-09-25,164.9,1
vallee-de-la-marne,chardonnay,1998,1998-09-25,164.9,1
cote-des-blancs,chardonnay,1998,1998-09-25,164.9,1
cote-des-bar,chardonnay,1998,1998-09-25,164.9,1
montagne-de-reims,meunier,1998,1998-09-23,163.3,1
vallee-de-la-marne,meunier,1998,1998-09-23,163.3,1
cote-des-blancs,meunier,1998,1998-09-23,163.3,1
cote-des-bar,meunier,1998,1998-09-23,163.3,1
montagne-de-reims,pinot-noir,1998,1998-09-24,164.9,1
vallee-de-la-marne,pinot-noir,1998,1998-09-24,164.9,1
cote-des-blancs,pinot-noir,1998,1998-09-24,164.9,1
cote-des-bar,pinot-noir,1998,1998-09-24,164.9,1
montagne-de-reims,chardonnay,1999,1999-09-25,173.3,1
vallee-de-la-marne,chardonnay,1999,1999-09-25,173.3,1
cote-des-blancs,chardonnay,1999,1999-09-25,173.3,1
cote-des-bar,chardonnay,1999,1999-09-25,173.3,1
montagne-de-reims,meunier,1999,1999-09-26,164.9,1
vallee-de-la-marne,meunier,1999,1999-09-26,164.9,1
cote-des-blancs,meunier,1999,1999-09-26,164.9,1
cote-des-bar,meunier,1999,1999-09-26,164.9,1
montagne-de-reims,pinot-noir,1999,1999-09-26,161.6,1
vallee-de-la-marne,pinot-noir,1999,1999-09-26,161.6,1
cote-des-blancs,pinot-noir,1999,1999-09-26,161.6,1
cote-des-bar,pinot-noir,1999,1999-09-26,161.6,1
montagne-de-reims,chardonnay,2000,2000-09-26,161.6,1
vallee-de-la-marne,chardonnay,2000,2000-09-26,161.6,1
cote-des-blancs,chardonnay,2000,2000-09-26,161.6,1
cote-des-bar,chardonnay,2000,2000-09-26,161.6,1
montagne-de-reims,meunier,2000,2000-09-24,164.9,1
vallee-de-la-marne,meunier,2000,2000-09-24,164.9,1
cote-des-blancs,meunier,2000,2000-09-24,164.9,1
cote-des-bar,meunier,2000,2000-09-24,164.9,1
montagne-de-reims,pinot-noir,2000,2000-09-24,166.6,1
vallee-de-la-marne,pinot-noir,2000,2000-09-24,166.6,1
cote-des-blancs,pinot-noir,2000,2000-09-24,166.6,1
cote-des-bar,pinot-noir,2000,2000-09-24,166.6,1
montagne-de-reims,chardonnay,2001,2001-10-03,143.1,1
vallee-de-la-marne,chardonnay,2001,2001-10-03,143.1,1
cote-des-blancs,chardonnay,2001,2001-10-03,143.1,1
cote-des-bar,chardonnay,2001,2001-10-03,143.1,1
montagne-de-reims,meunier,2001,2001-10-02,141.4,1
vallee-de-la-marne,meunier,2001,2001-10-02,141.4,1
cote-des-blancs,meunier,2001,2001-10-02,141.4,1
cote-des-bar,meunier,2001,2001-10-02,141.4,1
montagne-de-reims,pinot-noir,2001,2001-10-03,141.4,1
vallee-de-la-marne,pinot-noir,2001,2001-10-03,141.4,1
cote-des-blancs,pinot-noir,2001,2001-10-03,141.4,1
cote-des-bar,pinot-noir,2001,2001-10-03,141.4,1
montagne-de-reims,chardonnay,2002,2002-09-22,176.7,1
vallee-de-la-marne,chardonnay,2002,2002-09-22,176.7,1
cote-des-blancs,chardonnay,2002,2002-09-22,176.7,1
cote-des-bar,chardonnay,2002,2002-09-22,176.7,1
montagne-de-reims,meunier,2002,2002-09-25,173.3,1
vallee-de-la-marne,meunier,2002,2002-09-25,173.3,1
cote-des-blancs,meunier,2002,2002-09-25,173.3,1
cote-des-bar,meunier,2002,2002-09-25,173.3,1
montagne-de-reims,pinot-noir,2002,2002-09-25,175.0,1
vallee-de-la-marne,pinot-noir,2002,2002-09-25,175.0,1
cote-des-blancs,pinot-noir,2002,2002-09-25,175.0,1
cote-des-bar,pinot-noir,2002,2002-09-25,175.0,1
montagne-de-reims,chardonnay,2003,2003-09-02,181.8,1
vallee-de-la-marne,chardonnay,2003,2003-09-02,181.8,1
cote-des-blancs,chardonnay,2003,2003-09-02,181.8,1
cote-des-bar,chardonnay,2003,2003-09-02,181.8,1
montagne-de-reims,meunier,2003,2003-09-04,175.0,1
vallee-de-la-marne,meunier,2003,2003-09-04,175.0,1
cote-des-blancs,meunier,2003,2003-09-04,175.0,1
cote-des-bar,meunier,2003,2003-09-04,175.0,1
montagne-de-reims,pinot-noir,2003,2003-09-02,176.7,1
vallee-de-la-marne,pinot-noir,2003,2003-09-02,176.7,1
cote-des-blancs,pinot-noir,2003,2003-09-02,176.7,1
cote-des-bar,pinot-noir,2003,2003-09-02,176.7,1
montagne-de-reims,chardonnay,2004,2004-10-04,164.9,1
vallee-de-la-marne,chardonnay,2004,2004-10-04,164.9,1
cote-des-blancs,chardonnay,2004,2004-10-04,164.9,1
cote-des-bar,chardonnay,2004,2004-10-04,164.9,1
montagne-de-reims,meunier,2004,2004-10-02,163.3,1
vallee-de-la-marne,meunier,2004,2004-10-02,163.3,1
cote-des-blancs,meunier,2004,2004-10-02,163.3,1
cote-des-bar,meunier,2004,2004-10-02,163.3,1
montagne-de-reims,pinot-noir,2004,2004-10-04,158.2,1
vallee-de-la-marne,pinot-noir,2004,2004-10-04,158.2,1
cote-des-blancs,pinot-noir,2004,2004-10-04,158.2,1
cote-des-bar,pinot-noir,2004,2004-10-04,158.2,1
montagne-de-reims,chardonnay,2005,2005-09-21,170.0,1
vallee-de-la-marne,chardonnay,2005,2005-09-21,170.0,1
cote-des-blancs,chardonnay,2005,2005-09-21,170.0,1
cote-des-bar,chardonnay,2005,2005-09-21,170.0,1
montagne-de-reims,meunier,2005,2005-09-24,161.6,1
vallee-de-la-marne,meunier,2005,2005-09-24,161.6,1
cote-des-blancs,meunier,2005,2005-09-24,161.6,1
cote-des-bar,meunier,2005,2005-09-24,161.6,1
montagne-de-reims,pinot-noir,2005,2005-09-24,163.3,1
vallee-de-la-marne,pinot-noir,2005,2005-09-24,163.3,1
cote-des-blancs,pinot-noir,2005,2005-09-24,163.3,1
cote-des-bar,pinot-noir,2005,2005-09-24,163.3,1
montagne-de-reims,chardonnay,2006,2006-09-21,171.7,1
vallee-de-la-marne,chardonnay,2006,2006-09-21,171.7,1
cote-des-blancs,chardonnay,2006,2006-09-21,171.7,1
cote-des-bar,chardonnay,2006,2006-09-21,171.7,1
montagne-de-reims,meunier,2006,2006-09-24,163.3,1
vallee-de-la-marne,meunier,2006,2006-09-24,163.3,1
cote-des-blancs,meunier,2006,2006-09-24,163.3,1
cote-des-bar,meunier,2006,2006-09-24,163.3,1
montagne-de-reims,pinot-noir,2006,2006-09-23,170.0,1
vallee-de-la-marne,pinot-noir,2006,2006-09-23,170.0,1
cote-des-blancs,pinot-noir,2006,2006-09-23,170.0,1
cote-des-bar,pinot-noir,2006,2006-09-23,170.0,1
montagne-de-reims,chardonnay,2007,2007-09-05,156.5,1
vallee-de-la-marne,chardonnay,2007,2007-09-05,156.5,1
cote-des-blancs,chardonnay,2007,2007-09-05,156.5,1
cote-des-bar,chardonnay,2007,2007-09-05,156.5,1
montagne-de-reims,meunier,2007,2007-09-04,159.9,1
vallee-de-la-marne,meunier,2007,2007-09-04,159.9,1
cote-des-blancs,meunier,2007,2007-09-04,159.9,1
cote-des-bar,meunier,2007,2007-09-04,159.9,1
montagne-de-reims,pinot-noir,2007,2007-09-04,159.9,1
vallee-de-la-marne,pinot-noir,2007,2007-09-04,159.9,1
cote-des-blancs,pinot-noir,2007,2007-09-04,159.9,1
cote-des-bar,pinot-noir,2007,2007-09-04,159.9,1
montagne-de-reims,chardonnay,2008,2008-09-24,168.3,1
vallee-de-la-marne,chardonnay,2008,2008-09-24,168.3,1
cote-des-blancs,chardonnay,2008,2008-09-24,168.3,1
cote-des-bar,chardonnay,2008,2008-09-24,168.3,1
montagne-de-reims,meunier,2008,2008-09-23,164.9,1
vallee-de-la-marne,meunier,2008,2008-09-23,164.9,1
cote-des-blancs,meunier,2008,2008-09-23,164.9,1
cote-des-bar,meunier,2008,2008-09-23,164.9,1
montagne-de-reims,pinot-noir,2008,2008-09-25,163.3,1
vallee-de-la-marne,pinot-noir,2008,2008-09-25,163.3,1
cote-des-blancs,pinot-noir,2008,2008-09-25,163.3,1
cote-des-bar,pinot-noir,2008,2008-09-25,163.3,1
montagne-de-reims,chardonnay,2009,2009-09-19,170.0,1
vallee-de-la-marne,chardonnay,2009,2009-09-19,170.0,1
cote-des-blancs,chardonnay,2009,2009-09-19,170.0,1
cote-des-bar,chardonnay,2009,2009-09-19,170.0,1
montagne-de-reims,meunier,2009,2009-09-20,170.0,1
vallee-de-la-marne,meunier,2009,2009-09-20,170.0,1
cote-des-blancs,meunier,2009,2009-09-20,170.0,1
cote-des-bar,meunier,2009,2009-09-20,170.0,1
montagne-de-reims,pinot-noir,2009,2009-09-19,168.3,1
vallee-de-la-marne,pinot-noir,2009,2009-09-19,168.3,1
cote-des-blancs,pinot-noir,2009,2009-09-19,168.3,1
cote-des-bar,pinot-noir,2009,2009-09-19,168.3,1
montagne-de-reims,chardonnay,2010,2010-09-22,175.0,1
vallee-de-la-marne,chardonnay,2010,2010-09-22,175.0,1
cote-des-blancs,chardonnay,2010,2010-09-22,175.0,1
cote-des-bar,chardonnay,2010,2010-09-22,175.0,1
montagne-de-reims,meunier,2010,2010-09-23,159.9,1
vallee-de-la-marne,meunier,2010,2010-09-23,159.9,1
cote-des-blancs,meunier,2010,2010-09-23,159.9,1
cote-des-bar,meunier,2010,2010-09-23,159.9,1
montagne-de-reims,pinot-noir,2010,2010-09-23,170.0,1
vallee-de-la-marne,pinot-noir,2010,2010-09-23,170.0,1
cote-des-blancs,pinot-noir,2010,2010-09-23,170.0,1
cote-des-bar,pinot-noir,2010,2010-09-23,170.0,1
montagne-de-reims,chardonnay,2011,2011-08-31,158.2,1
vallee-de-la-marne,chardonnay,2011,2011-08-31,158.2,1
cote-des-blancs,chardonnay,2011,2011-08-31,158.2,1
cote-des-bar,chardonnay,2011,2011-08-31,158.2,1
montagne-de-reims,meunier,2011,2011-08-30,159.9,1
vallee-de-la-marne,meunier,2011,2011-08-30,159.9,1
cote-des-blancs,meunier,2011,2011-08-30,159.9,1
cote-des-bar,meunier,2011,2011-08-30,159.9,1
montagne-de-reims,pinot-noir,2011,2011-08-29,158.2,1
vallee-de-la-marne,pinot-noir,2011,2011-08-29,158.2,1
cote-des-blancs,pinot-noir,2011,2011-08-29,158.2,1
cote-des-bar,pinot-noir,2011,2011-08-29,158.2,1
montagne-de-reims,chardonnay,2012,2012-09-25,176.7,1
vallee-de-la-marne,chardonnay,2012,2012-09-25,176.7,1
cote-des-blancs,chardonnay,2012,2012-09-25,176.7,1
cote-des-bar,chardonnay,2012,2012-09-25,176.7,1
montagne-de-reims,meunier,2012,2012-09-23,176.7,1
vallee-de-la-marne,meunier,2012,2012-09-23,176.7,1
cote-des-blancs,meunier,2012,2012-09-23,176.7,1
cote-des-bar,meunier,2012,2012-09-23,176.7,1
montagne-de-reims,pinot-noir,2012,2012-09-21,176.7,1
vallee-de-la-marne,pinot-noir,2012,2012-09-21,176.7,1
cote-des-blancs,pinot-noir,2012,2012-09-21,176.7,1
cote-des-bar,pinot-noir,2012,2012-09-21,176.7,1
montagne-de-reims,chardonnay,2013,2013-10-07,175.0,1
vallee-de-la-marne,chardonnay,2013,2013-10-07,175.0,1
cote-des-blancs,chardonnay,2013,2013-10-07,175.0,1
cote-des-bar,chardonnay,2013,2013-10-07,175.0,1
montagne-de-reims,meunier,2013,2013-10-07,161.6,1
vallee-de-la-marne,meunier,2013,2013-10-07,161.6,1
cote-des-blancs,meunier,2013,2013-10-07,161.6,1
cote-des-bar,meunier,2013,2013-10-07,161.6,1
montagne-de-reims,pinot-noir,2013,2013-10-08,161.6,1
vallee-de-la-marne,pinot-noir,2013,2013-10-08,161.6,1
cote-des-blancs,pinot-noir,2013,2013-10-08,161.6,1
cote-des-bar,pinot-noir,2013,2013-10-08,161.6,1
montagne-de-reims,chardonnay,2014,2014-09-19,168.3,1
vallee-de-la-marne,chardonnay,2014,2014-09-19,168.3,1
cote-des-blancs,chardonnay,2014,2014-09-19,168.3,1
cote-des-bar,chardonnay,2014,2014-09-19,168.3,1
montagne-de-reims,meunier,2014,2014-09-19,161.6,1
vallee-de-la-marne,meunier,2014,2014-09-19,161.6,1
cote-des-blancs,meunier,2014,2014-09-19,161.6,1
cote-des-bar,meunier,2014,2014-09-19,161.6,1
montagne-de-reims,pinot-noir,2014,2014-09-18,166.6,1
vallee-de-la-marne,pinot-noir,2014,2014-09-18,166.6,1
cote-des-blancs,pinot-noir,2014,2014-09-18,166.6,1
cote-des-bar,pinot-noir,2014,2014-09-18,166.6,1
montagne-de-reims,chardonnay,2015,2015-09-15,176.7,1
vallee-de-la-marne,chardonnay,2015,2015-09-15,176.7,1
cote-des-blancs,chardonnay,2015,2015-09-15,176.7,1
cote-des-bar,chardonnay,2015,2015-09-15,176.7,1
montagne-de-reims,meunier,2015,2015-09-14,171.7,1
vallee-de-la-marne,meunier,2015,2015-09-14,171.7,1
cote-des-blancs,meunier,2015,2015-09-14,171.7,1
cote-des-bar,meunier,2015,2015-09-14,171.7,1
montagne-de-reims,pinot-noir,2015,2015-09-15,173.3,1
vallee-de-la-marne,pinot-noir,2015,2015-09-15,173.3,1
cote-des-blancs,pinot-noir,2015,2015-09-15,173.3,1
cote-des-bar,pinot-noir,2015,2015-09-15,173.3,1
montagne-de-reims,chardonnay,2016,2016-09-27,159.9,1
vallee-de-la-marne,chardonnay,2016,2016-09-27,159.9,1
cote-des-blancs,chardonnay,2016,2016-09-27,159.9,1
cote-des-bar,chardonnay,2016,2016-09-27,159.9,1
montagne-de-reims,meunier,2016,2016-09-24,166.6,1
vallee-de-la-marne,meunier,2016,2016-09-24,166.6,1
cote-des-blancs,meunier,2016,2016-09-24,166.6,1
cote-des-bar,meunier,2016,2016-09-24,166.6,1
montagne-de-reims,pinot-noir,2016,2016-09-25,163.3,1
vallee-de-la-marne,pinot-noir,2016,2016-09-25,163.3,1
cote-des-blancs,pinot-noir,2016,2016-09-25,163.3,1
cote-des-bar,pinot-noir,2016,2016-09-25,163.3,1
montagne-de-reims,chardonnay,2017,2017-09-07,180.1,1
vallee-de-la-marne,chardonnay,2017,2017-09-07,180.1,1
cote-des-blancs,chardonnay,2017,2017-09-07,180.1,1
cote-des-bar,chardonnay,2017,2017-09-07,180.1,1
montagne-de-reims,meunier,2017,2017-09-08,161.6,1
vallee-de-la-marne,meunier,2017,2017-09-08,161.6,1
cote-des-blancs,meunier,2017,2017-09-08,161.6,1
cote-des-bar,meunier,2017,2017-09-08,161.6,1
montagne-de-reims,pinot-noir,2017,2017-09-09,170.0,1
vallee-de-la-marne,pinot-noir,2017,2017-09-09,170.0,1
cote-des-blancs,pinot-noir,2017,2017-09-09,170.0,1
cote-des-bar,pinot-noir,2017,2017-09-09,170.0,1
montagne-de-reims,chardonnay,2018,2018-09-02,175.0,1
vallee-de-la-marne,chardonnay,2018,2018-09-02,175.0,1
cote-des-blancs,chardonnay,2018,2018-09-02,175.0,1
cote-des-bar,chardonnay,2018,2018-09-02,175.0,1
montagne-de-reims,meunier,2018,2018-09-01,168.3,1
vallee-de-la-marne,meunier,2018,2018-09-01,168.3,1
cote-des-blancs,meunier,2018,2018-09-01,168.3,1
cote-des-bar,meunier,2018,2018-09-01,168.3,1
montagne-de-reims,pinot-noir,2018,2018-09-02,168.3,1
vallee-de-la-marne,pinot-noir,2018,2018-09-02,168.3,1
cote-des-blancs,pinot-noir,2018,2018-09-02,168.3,1
cote-des-bar,pinot-noir,2018,2018-09-02,168.3,1
montagne-de-reims,chardonnay,2019,2019-09-15,185.1,1
vallee-de-la-marne,chardonnay,2019,2019-09-15,185.1,1
cote-des-blancs,chardonnay,2019,2019-09-15,185.1,1
cote-des-bar,chardonnay,2019,2019-09-15,185.1,1
montagne-de-reims,meunier,2019,2019-09-16,178.4,1
vallee-de-la-marne,meunier,2019,2019-09-16,178.4,1
cote-des-blancs,meunier,2019,2019-09-16,178.4,1
cote-des-bar,meunier,2019,2019-09-16,178.4,1
montagne-de-reims,pinot-noir,2019,2019-09-13,178.4,1
vallee-de-la-marne,pinot-noir,2019,2019-09-13,178.4,1
cote-des-blancs,pinot-noir,2019,2019-09-13,178.4,1
cote-des-bar,pinot-noir,2019,2019-09-13,178.4,1
montagne-de-reims,chardonnay,2020,2020-08-30,168.3,1
vallee-de-la-marne,chardonnay,2020,2020-08-30,168.3,1
cote-des-blancs,chardonnay,2020,2020-08-30,168.3,1
cote-des-bar,chardonnay,2020,2020-08-30,168.3,1
montagne-de-reims,meunier,2020,2020-08-27,173.3,1
vallee-de-la-marne,meunier,2020,2020-08-27,173.3,1
cote-des-blancs,meunier,2020,2020-08-27,173.3,1
cote-des-bar,meunier,2020,2020-08-27,173.3,1
montagne-de-reims,pinot-noir,2020,2020-08-27,175.0,1
vallee-de-la-marne,pinot-noir,2020,2020-08-27,175.0,1
cote-des-blancs,pinot-noir,2020,2020-08-27,175.0,1
cote-des-bar,pinot-noir,2020,2020-08-27,175.0,1
montagne-de-reims,chardonnay,2021,2021-09-22,166.6,1
vallee-de-la-marne,chardonnay,2021,2021-09-22,166.6,1
cote-des-blancs,chardonnay,2021,2021-09-22,166.6,1
cote-des-bar,chardonnay,2021,2021-09-22,166.6,1
montagne-de-reims,meunier,2021,2021-09-18,166.6,1
vallee-de-la-marne,meunier,2021,2021-09-18,166.6,1
cote-des-blancs,meunier,2021,2021-09-18,166.6,1
cote-des-bar,meunier,2021,2021-09-18,166.6,1
montagne-de-reims,pinot-noir,2021,2021-09-19,168.3,1
vallee-de-la-marne,pinot-noir,2021,2021-09-19,168.3,1
cote-des-blancs,pinot-noir,2021,2021-09-19,168.3,1
cote-des-bar,pinot-noir,2021,2021-09-19,168.3,1
montagne-de-reims,chardonnay,2022,2022-09-05,180.1,1
vallee-de-la-marne,chardonnay,2022,2022-09-05,180.1,1
cote-des-blancs,chardonnay,2022,2022-09-05,180.1,1
cote-des-bar,chardonnay,2022,2022-09-05,180.1,1
montagne-de-reims,meunier,2022,2022-09-05,173.3,1
vallee-de-la-marne,meunier,2022,2022-09-05,173.3,1
cote-des-blancs,meunier,2022,2022-09-05,173.3,1
cote-des-bar,meunier,2022,2022-09-05,173.3,1
montagne-de-reims,pinot-noir,2022,2022-09-03,171.7,1
vallee-de-la-marne,pinot-noir,2022,2022-09-03,171.7,1
cote-des-blancs,pinot-noir,2022,2022-09-03,171.7,1
cote-des-bar,pinot-noir,2022,2022-09-03,171.7,1
montagne-de-reims,chardonnay,2023,2023-09-14,170.0,1
vallee-de-la-marne,chardonnay,2023,2023-09-14,170.0,1
cote-des-blancs,chardonnay,2023,2023-09-14,170.0,1
cote-des-bar,chardonnay,2023,2023-09-14,170.0,1
montagne-de-reims,meunier,2023,2023-09-15,151.5,1
vallee-de-la-marne,meunier,2023,2023-09-15,151.5,1
cote-des-blancs,meunier,2023,2023-09-15,151.5,1
cote-des-bar,meunier,2023,2023-09-15,151.5,1
montagne-de-reims,pinot-noir,2023,2023-09-16,154.8,1
vallee-de-la-marne,pinot-noir,2023,2023-09-16,154.8,1
cote-des-blancs,pinot-noir,2023,2023-09-16,154.8,1
cote-des-bar,pinot-noir,2023,2023-09-16,154.8,1
montagne-de-reims,chardonnay,2024,2024-09-25,158.2,1
vallee-de-la-marne,chardonnay,2024,2024-09-25,158.2,1
cote-des-blancs,chardonnay,2024,2024-09-25,158.2,1
cote-des-bar,chardonnay,2024,2024-09-25,158.2,1
montagne-de-reims,meunier,2024,2024-09-22,159.9,1
vallee-de-la-marne,meunier,2024,2024-09-22,159.9,1
cote-des-blancs,meunier,2024,2024-09-22,159.9,1
cote-des-bar,meunier,2024,2024-09-22,159.9,1
montagne-de-reims,pinot-noir,2024,2024-09-21,158.2,1
vallee-de-la-marne,pinot-noir,2024,2024-09-21,158.2,1
cote-des-blancs,pinot-noir,2024,2024-09-21,158.2,1
cote-des-bar,pinot-noir,2024,2024-09-21,158.2,1
montagne-de-reims,chardonnay,2025,2025-09-01,186.8,1
vallee-de-la-marne,chardonnay,2025,2025-09-01,186.8,1
cote-des-blancs,chardonnay,2025,2025-09-01,186.8,1
cote-des-bar,chardonnay,2025,2025-09-01,186.8,1
montagne-de-reims,meunier,2025,2025-09-04,176.7,1
vallee-de-la-marne,meunier,2025,2025-09-04,176.7,1
cote-des-blancs,meunier,2025,2025-09-04,176.7,1
cote-des-bar,meunier,2025,2025-09-04,176.7,1
montagne-de-reims,pinot-noir,2025,2025-09-01,178.4,1
vallee-de-la-marne,pinot-noir,2025,2025-09-01,178.4,1
cote-des-blancs,pinot-noir,2025,2025-09-01,178.4,1
cote-des-bar,pinot-noir,2025,2025-09-01,178.4,1
